Experiment,Mean_Accuracy,Std_Accuracy,Mean_Sensitivity,Std_Sensitivity,Mean_Specificity,Std_Specificity
MLP_baseline,0.8927536231884059,0.04160202925915165,0.8738709677419354,0.09374722410813087,0.9088394062078271,0.05738861438177035
MLP_smoteenn,0.881159420289855,0.05095187197462881,0.8188172043010752,0.11332256993226338,0.9321862348178138,0.028979123100480553
LSTM_baseline,0.8942028985507248,0.03837160085470644,0.8674193548387097,0.09387540173543096,0.9167341430499324,0.03573726608203184
LSTM_smoteenn,0.881159420289855,0.052173913043478244,0.8189247311827957,0.12223323718746222,0.9323886639676113,0.03271985416613599
GRU_baseline,0.8913043478260871,0.0384809218763819,0.8546236559139786,0.10209596731407534,0.9219973009446691,0.03400595499111868
GRU_smoteenn,0.881159420289855,0.05789850537808169,0.8155913978494624,0.12196056141586008,0.9348852901484479,0.0309719539323747
