seed,fold,model_name,threshold,runtime,val_roc_auc,val_pr_auc,val_accuracy,val_precision,val_recall,val_specificity,val_f1,val_balanced_acc,val_mcc,val_brier,val_threshold,val_tp,val_fp,val_fn,val_tn,test_roc_auc,test_pr_auc,test_accuracy,test_precision,test_recall,test_specificity,test_f1,test_balanced_acc,test_mcc,test_brier,test_threshold,test_tp,test_fp,test_fn,test_tn
7,2,CatBoost,0.54,7.791360855102539,0.7877366744436467,0.5633968987352753,0.7889321468298109,0.5198711063372717,0.6080402010050251,0.8403571428571428,0.5605095541401274,0.724198671931084,0.4249864991252071,0.17743030285279407,0.54,484,447,312,2353,0.7861924697686429,0.5560056575908169,0.7792424495244452,0.5009487666034156,0.5972850678733032,0.830940647096636,0.544891640866873,0.7141128574849696,0.40334782440407124,0.1785067882092159,0.54,792,789,534,3878
