seed,fold,model_name,threshold,runtime,val_roc_auc,val_pr_auc,val_accuracy,val_precision,val_recall,val_specificity,val_f1,val_balanced_acc,val_mcc,val_brier,val_threshold,val_tp,val_fp,val_fn,val_tn,test_roc_auc,test_pr_auc,test_accuracy,test_precision,test_recall,test_specificity,test_f1,test_balanced_acc,test_mcc,test_brier,test_threshold,test_tp,test_fp,test_fn,test_tn
7,0,LightGBM,0.42,0.2084822654724121,0.7987228553481694,0.5943508740088588,0.8170189098998888,0.5977337110481586,0.5301507537688442,0.8985714285714286,0.5619174434087882,0.7143610911701364,0.4480848210704139,0.15143581895376987,0.42,422,284,374,2516,0.7817138788729053,0.5659537154495068,0.8051059569497747,0.5678694158075601,0.4984917043740573,0.8922219841439897,0.5309236947791165,0.6953568442590234,0.4099625600559265,0.15325263648153958,0.42,661,503,665,4164
