seed,fold,model_name,threshold,runtime,val_roc_auc,val_pr_auc,val_accuracy,val_precision,val_recall,val_specificity,val_f1,val_balanced_acc,val_mcc,val_brier,val_threshold,val_tp,val_fp,val_fn,val_tn,test_roc_auc,test_pr_auc,test_accuracy,test_precision,test_recall,test_specificity,test_f1,test_balanced_acc,test_mcc,test_brier,test_threshold,test_tp,test_fp,test_fn,test_tn
42,4,CatBoost,0.52,12.69262409210205,0.7846284996410624,0.564290612584332,0.7789210233592881,0.5005192107995846,0.6055276381909548,0.8282142857142857,0.5480386583285958,0.7168709619526202,0.4066571174917011,0.174204690124323,0.52,482,481,314,2319,0.7835995715884546,0.5497519867085998,0.7722342733188721,0.48826008428657436,0.6116138763197587,0.8178701521319905,0.5430197522597925,0.7147420142258747,0.3982984719849516,0.17754083722749522,0.52,811,850,515,3817
