seed,fold,model_name,threshold,runtime,val_roc_auc,val_pr_auc,val_accuracy,val_precision,val_recall,val_specificity,val_f1,val_balanced_acc,val_mcc,val_brier,val_threshold,val_tp,val_fp,val_fn,val_tn,test_roc_auc,test_pr_auc,test_accuracy,test_precision,test_recall,test_specificity,test_f1,test_balanced_acc,test_mcc,test_brier,test_threshold,test_tp,test_fp,test_fn,test_tn
7,4,TabNet,0.59,28.185333013534546,0.7652102027997129,0.5166988011172636,0.7936596218020022,0.5342639593908629,0.5288944723618091,0.8689285714285714,0.5315656565656566,0.6989115218951902,0.3992673754304281,0.18400199576411128,0.59,421,367,375,2433,0.7632985814523268,0.5251596928979165,0.7940931086267312,0.5358255451713395,0.5188536953242836,0.872294836083137,0.5272030651340996,0.6955742657037103,0.39571773024333656,0.18332480545987845,0.59,688,596,638,4071
