seed,fold,model_name,threshold,runtime,val_roc_auc,val_pr_auc,val_accuracy,val_precision,val_recall,val_specificity,val_f1,val_balanced_acc,val_mcc,val_brier,val_threshold,val_tp,val_fp,val_fn,val_tn,test_roc_auc,test_pr_auc,test_accuracy,test_precision,test_recall,test_specificity,test_f1,test_balanced_acc,test_mcc,test_brier,test_threshold,test_tp,test_fp,test_fn,test_tn
7,3,MLP,0.56,8.34122109413147,0.7812253230437903,0.5455091651366452,0.7878197997775306,0.5188571428571429,0.5703517587939698,0.8496428571428571,0.5433871932974267,0.7099973079684134,0.40636002202767135,0.1815430634864358,0.56,454,421,342,2379,0.7968573511717489,0.5738198377059183,0.7954279993325546,0.5345781466113416,0.5829562594268477,0.8557960145703878,0.5577200577200577,0.7193761369986178,0.4256605670678733,0.17667965954783252,0.56,773,673,553,3994
