seed,fold,model_name,threshold,runtime,val_roc_auc,val_pr_auc,val_accuracy,val_precision,val_recall,val_specificity,val_f1,val_balanced_acc,val_mcc,val_brier,val_threshold,val_tp,val_fp,val_fn,val_tn,test_roc_auc,test_pr_auc,test_accuracy,test_precision,test_recall,test_specificity,test_f1,test_balanced_acc,test_mcc,test_brier,test_threshold,test_tp,test_fp,test_fn,test_tn
2024,3,LogisticRegression,0.6,1.6587841510772705,0.7689617731514716,0.5238747912930948,0.7986651835372637,0.547244094488189,0.5238693467336684,0.8767857142857143,0.5353016688061617,0.7003275305096913,0.40703220627182696,0.1855563185177905,0.6,417,345,379,2455,0.7666690582217625,0.5328037595176619,0.7942599699649591,0.5365278868813825,0.5150829562594268,0.8735804585386758,0.5255867641400539,0.6943317073990514,0.3944383409075088,0.18524828866666032,0.6,683,590,643,4077
