seed,fold,model_name,threshold,runtime,val_roc_auc,val_pr_auc,val_accuracy,val_precision,val_recall,val_specificity,val_f1,val_balanced_acc,val_mcc,val_brier,val_threshold,val_tp,val_fp,val_fn,val_tn,test_roc_auc,test_pr_auc,test_accuracy,test_precision,test_recall,test_specificity,test_f1,test_balanced_acc,test_mcc,test_brier,test_threshold,test_tp,test_fp,test_fn,test_tn
42,3,LightGBM,0.4,0.2033088207244873,0.7700652817659728,0.5288268892162161,0.8050611790878754,0.5669957686882934,0.5050251256281407,0.8903571428571428,0.53421926910299,0.6976911342426417,0.4125781544405009,0.15483570964536372,0.4,402,307,394,2493,0.7967437523046995,0.5731706759716254,0.8127815785082596,0.585,0.5294117647058824,0.8932933361902721,0.5558194774346793,0.7113525504480772,0.4384638708346882,0.15174637516331638,0.4,702,498,624,4169
