seed,fold,model_name,threshold,runtime,val_roc_auc,val_pr_auc,val_accuracy,val_precision,val_recall,val_specificity,val_f1,val_balanced_acc,val_mcc,val_brier,val_threshold,val_tp,val_fp,val_fn,val_tn,test_roc_auc,test_pr_auc,test_accuracy,test_precision,test_recall,test_specificity,test_f1,test_balanced_acc,test_mcc,test_brier,test_threshold,test_tp,test_fp,test_fn,test_tn
42,1,TabNet,0.63,35.76796340942383,0.780800879396985,0.5429496706724563,0.8058954393770856,0.5678670360110804,0.5150753768844221,0.8885714285714286,0.5401844532279315,0.7018234027279253,0.41833585463846756,0.19008942277493543,0.63,410,312,386,2488,0.7685671934874723,0.5305271917970313,0.8042716502586351,0.5706371191135734,0.4660633484162896,0.900364259695736,0.5130759651307597,0.6832138040560127,0.3952973253153458,0.1879911287311654,0.63,618,465,708,4202
