seed,fold,model_name,threshold,runtime,val_roc_auc,val_pr_auc,val_accuracy,val_precision,val_recall,val_specificity,val_f1,val_balanced_acc,val_mcc,val_brier,val_threshold,val_tp,val_fp,val_fn,val_tn,test_roc_auc,test_pr_auc,test_accuracy,test_precision,test_recall,test_specificity,test_f1,test_balanced_acc,test_mcc,test_brier,test_threshold,test_tp,test_fp,test_fn,test_tn
2024,2,LightGBM,0.36,0.20632386207580566,0.7795625448671931,0.5648152141791207,0.7703003337041157,0.48493975903614456,0.6067839195979899,0.8167857142857143,0.5390625,0.7117848169418521,0.39295609007483195,0.1547024507548435,0.36,483,513,313,2287,0.8028456112216935,0.5813721826425388,0.7790755881862172,0.5005747126436781,0.6568627450980392,0.8137990143561175,0.5681669928245271,0.7353308797270783,0.4304049535068205,0.15181867285362724,0.36,871,869,455,3798
