seed,fold,model_name,threshold,runtime,val_roc_auc,val_pr_auc,val_accuracy,val_precision,val_recall,val_specificity,val_f1,val_balanced_acc,val_mcc,val_brier,val_threshold,val_tp,val_fp,val_fn,val_tn,test_roc_auc,test_pr_auc,test_accuracy,test_precision,test_recall,test_specificity,test_f1,test_balanced_acc,test_mcc,test_brier,test_threshold,test_tp,test_fp,test_fn,test_tn
7,3,LogisticRegression,0.57,1.4058465957641602,0.7669562096195263,0.5320214125634073,0.7917130144605117,0.5282112845138055,0.5527638190954773,0.8596428571428572,0.5402087170042971,0.7062033381191672,0.40583387387390196,0.1852467098528287,0.57,440,393,356,2407,0.7883107735355683,0.5516341365504831,0.7995995327882529,0.5453226976069616,0.5671191553544495,0.865652453396186,0.5560073937153419,0.7163858043753177,0.42680401494025916,0.1806507159372603,0.57,752,627,574,4040
