seed,fold,model_name,threshold,runtime,val_roc_auc,val_pr_auc,val_accuracy,val_precision,val_recall,val_specificity,val_f1,val_balanced_acc,val_mcc,val_brier,val_threshold,val_tp,val_fp,val_fn,val_tn,test_roc_auc,test_pr_auc,test_accuracy,test_precision,test_recall,test_specificity,test_f1,test_balanced_acc,test_mcc,test_brier,test_threshold,test_tp,test_fp,test_fn,test_tn
7,2,MLP,0.56,12.877852201461792,0.7818130832735104,0.550168015955255,0.7883759733036707,0.5202312138728323,0.5653266331658291,0.8517857142857143,0.5418422636965683,0.7085561737257717,0.40515359035616266,0.18351179042783938,0.56,450,415,346,2385,0.7807970083584852,0.5487774064584944,0.7857500417153346,0.514266304347826,0.5708898944193062,0.8467966573816156,0.5411007862759114,0.7088432759004608,0.4027819466525645,0.18351671999398436,0.56,757,715,569,3952
