seed,fold,model_name,threshold,runtime,val_roc_auc,val_pr_auc,val_accuracy,val_precision,val_recall,val_specificity,val_f1,val_balanced_acc,val_mcc,val_brier,val_threshold,val_tp,val_fp,val_fn,val_tn,test_roc_auc,test_pr_auc,test_accuracy,test_precision,test_recall,test_specificity,test_f1,test_balanced_acc,test_mcc,test_brier,test_threshold,test_tp,test_fp,test_fn,test_tn
42,4,MLP,0.53,7.085022926330566,0.7812544867193109,0.5481348827889561,0.7828142380422692,0.5082690187431091,0.5791457286432161,0.8407142857142857,0.541397533763946,0.7099300071787509,0.40136640744564495,0.17951954904572567,0.53,461,446,335,2354,0.7716335549399994,0.5368327176659297,0.779909894877357,0.5022653721682848,0.5852187028657617,0.8352260552817656,0.5405781957506095,0.7102223790737636,0.39898169740586553,0.18357790395019977,0.53,776,769,550,3898
