seed,fold,model_name,threshold,runtime,val_roc_auc,val_pr_auc,val_accuracy,val_precision,val_recall,val_specificity,val_f1,val_balanced_acc,val_mcc,val_brier,val_threshold,val_tp,val_fp,val_fn,val_tn,test_roc_auc,test_pr_auc,test_accuracy,test_precision,test_recall,test_specificity,test_f1,test_balanced_acc,test_mcc,test_brier,test_threshold,test_tp,test_fp,test_fn,test_tn
42,4,LogisticRegression,0.52,1.8761069774627686,0.7782367193108398,0.5382066402716588,0.7769744160177976,0.49682875264270615,0.5904522613065326,0.83,0.539609644087256,0.7102261306532662,0.39644572305486175,0.1810167668543786,0.52,470,476,326,2324,0.7638270666510246,0.5183974137920623,0.7663941264808943,0.47724477244772445,0.5852187028657617,0.8178701521319905,0.5257452574525745,0.7015444274988761,0.37630465127015983,0.18616375933908696,0.52,776,850,550,3817
