seed,fold,model_name,threshold,runtime,val_roc_auc,val_pr_auc,val_accuracy,val_precision,val_recall,val_specificity,val_f1,val_balanced_acc,val_mcc,val_brier,val_threshold,val_tp,val_fp,val_fn,val_tn,test_roc_auc,test_pr_auc,test_accuracy,test_precision,test_recall,test_specificity,test_f1,test_balanced_acc,test_mcc,test_brier,test_threshold,test_tp,test_fp,test_fn,test_tn
2024,0,LogisticRegression,0.52,1.7228951454162598,0.7695490847092605,0.5156931510835854,0.7666852057842046,0.47772020725388603,0.5791457286432161,0.82,0.5235661555934128,0.699572864321608,0.3739753307647137,0.1872361318644048,0.52,461,504,335,2296,0.7689846652840893,0.5305917844500954,0.7767395294510262,0.4961038961038961,0.5761689291101055,0.8337261624169702,0.5331472435450104,0.7049475457635379,0.3893827179072291,0.1822454358813836,0.52,764,776,562,3891
