seed,fold,model_name,threshold,runtime,val_roc_auc,val_pr_auc,val_accuracy,val_precision,val_recall,val_specificity,val_f1,val_balanced_acc,val_mcc,val_brier,val_threshold,val_tp,val_fp,val_fn,val_tn,test_roc_auc,test_pr_auc,test_accuracy,test_precision,test_recall,test_specificity,test_f1,test_balanced_acc,test_mcc,test_brier,test_threshold,test_tp,test_fp,test_fn,test_tn
42,0,MLP,0.63,13.315531253814697,0.7767246949030868,0.560217371524602,0.8017241379310345,0.5573997233748271,0.5062814070351759,0.8857142857142857,0.5306122448979592,0.6959978463747307,0.40605034414882263,0.1808758837293774,0.63,403,320,393,2480,0.7858766390635963,0.5541921841817703,0.8072751543467379,0.5745422842197035,0.49698340874811464,0.895436040282837,0.532955923978973,0.6962097245154758,0.41406428512759175,0.1772314778604789,0.63,659,488,667,4179
