seed,fold,model_name,threshold,runtime,val_roc_auc,val_pr_auc,val_accuracy,val_precision,val_recall,val_specificity,val_f1,val_balanced_acc,val_mcc,val_brier,val_threshold,val_tp,val_fp,val_fn,val_tn,test_roc_auc,test_pr_auc,test_accuracy,test_precision,test_recall,test_specificity,test_f1,test_balanced_acc,test_mcc,test_brier,test_threshold,test_tp,test_fp,test_fn,test_tn
2024,1,LogisticRegression,0.5,1.7594664096832275,0.7663574569274946,0.5246017543179218,0.7633481646273638,0.473583093179635,0.6193467336683417,0.8042857142857143,0.5367446924333152,0.711816223977028,0.3877965578329048,0.18736398443006577,0.5,493,548,303,2252,0.7792634236533201,0.5471920976279085,0.7602202569664609,0.46833998859098686,0.6191553544494721,0.8002999785729591,0.5332900292302696,0.7097276665112155,0.38273880502095575,0.1843262771758523,0.5,821,932,505,3735
