seed,fold,model_name,threshold,runtime,val_roc_auc,val_pr_auc,val_accuracy,val_precision,val_recall,val_specificity,val_f1,val_balanced_acc,val_mcc,val_brier,val_threshold,val_tp,val_fp,val_fn,val_tn,test_roc_auc,test_pr_auc,test_accuracy,test_precision,test_recall,test_specificity,test_f1,test_balanced_acc,test_mcc,test_brier,test_threshold,test_tp,test_fp,test_fn,test_tn
42,2,LightGBM,0.41,0.21479010581970215,0.7940849335965543,0.5835271099700746,0.8120133481646273,0.5789473684210527,0.5527638190954773,0.8857142857142857,0.5655526992287918,0.7192390524048815,0.44588570799745836,0.1514091636129794,0.41,440,320,356,2480,0.779354157314555,0.5679996870615086,0.7965960287001502,0.5410590943975442,0.5316742081447964,0.871866295264624,0.5363255990871053,0.7017702517047102,0.40608707292275054,0.15414015356893332,0.41,705,598,621,4069
