seed,fold,model_name,threshold,runtime,val_roc_auc,val_pr_auc,val_accuracy,val_precision,val_recall,val_specificity,val_f1,val_balanced_acc,val_mcc,val_brier,val_threshold,val_tp,val_fp,val_fn,val_tn,test_roc_auc,test_pr_auc,test_accuracy,test_precision,test_recall,test_specificity,test_f1,test_balanced_acc,test_mcc,test_brier,test_threshold,test_tp,test_fp,test_fn,test_tn
42,3,MLP,0.57,5.941769599914551,0.7705841708542713,0.5204847842942253,0.7847608453837598,0.513126491646778,0.5402010050251256,0.8542857142857143,0.5263157894736842,0.69724335965542,0.38739034832863956,0.1861701878876671,0.57,430,408,366,2392,0.793305003100942,0.5683565925716645,0.7937593859502753,0.53099173553719,0.581447963800905,0.854081851296336,0.5550755939524838,0.7177649075486205,0.4219388299555439,0.18091039752906962,0.57,771,681,555,3986
