seed,fold,model_name,threshold,runtime,val_roc_auc,val_pr_auc,val_accuracy,val_precision,val_recall,val_specificity,val_f1,val_balanced_acc,val_mcc,val_brier,val_threshold,val_tp,val_fp,val_fn,val_tn,test_roc_auc,test_pr_auc,test_accuracy,test_precision,test_recall,test_specificity,test_f1,test_balanced_acc,test_mcc,test_brier,test_threshold,test_tp,test_fp,test_fn,test_tn
2024,1,LightGBM,0.37,0.196061372756958,0.7763368180186647,0.5341338854199954,0.7833704115684094,0.5096481271282634,0.5640703517587939,0.8457142857142858,0.5354800238521169,0.7048923187365399,0.39556544954402023,0.1555436373928408,0.37,449,432,347,2368,0.7873572217369088,0.5584315041822976,0.7870849324211581,0.5164690382081687,0.5912518853695324,0.8427255196057425,0.5513361462728551,0.7169887024876375,0.41421457410301793,0.15447307045394085,0.37,784,734,542,3933
