seed,fold,model_name,threshold,runtime,val_roc_auc,val_pr_auc,val_accuracy,val_precision,val_recall,val_specificity,val_f1,val_balanced_acc,val_mcc,val_brier,val_threshold,val_tp,val_fp,val_fn,val_tn,test_roc_auc,test_pr_auc,test_accuracy,test_precision,test_recall,test_specificity,test_f1,test_balanced_acc,test_mcc,test_brier,test_threshold,test_tp,test_fp,test_fn,test_tn
7,3,CatBoost,0.58,12.409179449081421,0.7928405419956928,0.569312571254136,0.8008898776418243,0.5477326968973747,0.5766331658291457,0.8646428571428572,0.5618115055079559,0.7206380114860014,0.4333379652091715,0.17609470952824896,0.58,459,379,337,2421,0.8009913480646664,0.5832386410120728,0.8041047889204072,0.5546762589928057,0.581447963800905,0.8673666166702378,0.5677466863033873,0.7244072902355714,0.4413973608401059,0.172377513005602,0.58,771,619,555,4048
