seed,fold,model_name,threshold,runtime,val_roc_auc,val_pr_auc,val_accuracy,val_precision,val_recall,val_specificity,val_f1,val_balanced_acc,val_mcc,val_brier,val_threshold,val_tp,val_fp,val_fn,val_tn,test_roc_auc,test_pr_auc,test_accuracy,test_precision,test_recall,test_specificity,test_f1,test_balanced_acc,test_mcc,test_brier,test_threshold,test_tp,test_fp,test_fn,test_tn
7,0,CatBoost,0.59,10.040649890899658,0.8050105437903805,0.6008781592207745,0.8050611790878754,0.5566150178784267,0.5866834170854272,0.8671428571428571,0.5712538226299694,0.7269131371141422,0.4454775492691318,0.1729796137440964,0.59,467,372,329,2428,0.7879132582966764,0.5649673994497814,0.796929751376606,0.5401030169242089,0.5535444947209653,0.866080994214699,0.5467411545623836,0.7098127444678322,0.4159726526376079,0.17676476951733247,0.59,734,625,592,4042
