seed,fold,model_name,threshold,runtime,val_roc_auc,val_pr_auc,val_accuracy,val_precision,val_recall,val_specificity,val_f1,val_balanced_acc,val_mcc,val_brier,val_threshold,val_tp,val_fp,val_fn,val_tn,test_roc_auc,test_pr_auc,test_accuracy,test_precision,test_recall,test_specificity,test_f1,test_balanced_acc,test_mcc,test_brier,test_threshold,test_tp,test_fp,test_fn,test_tn
42,3,CatBoost,0.6,6.447508811950684,0.7779468772433595,0.5299477548385008,0.7972747497219133,0.542566709021601,0.5364321608040201,0.8714285714285714,0.5394819962097284,0.7039303661162958,0.4095285732517172,0.18328841952556937,0.6,427,360,369,2440,0.799625576195107,0.5862664306649499,0.8062739863173702,0.561613144137416,0.5671191553544495,0.8742232697664453,0.5643527204502814,0.7206712125604473,0.43980773342068075,0.1784391522383026,0.6,752,587,574,4080
