seed,fold,model_name,threshold,runtime,val_roc_auc,val_pr_auc,val_accuracy,val_precision,val_recall,val_specificity,val_f1,val_balanced_acc,val_mcc,val_brier,val_threshold,val_tp,val_fp,val_fn,val_tn,test_roc_auc,test_pr_auc,test_accuracy,test_precision,test_recall,test_specificity,test_f1,test_balanced_acc,test_mcc,test_brier,test_threshold,test_tp,test_fp,test_fn,test_tn
2024,1,MLP,0.58,11.5070960521698,0.779954459798995,0.5323202461703481,0.7958843159065628,0.5379901960784313,0.5515075376884422,0.8653571428571428,0.5446650124069479,0.7084323402727926,0.41320272092435434,0.1824020460499005,0.58,439,377,357,2423,0.7901293249577196,0.5760502185718749,0.7900884365092607,0.5243204577968527,0.552790346907994,0.8575101778444397,0.5381791483113069,0.7051502623762169,0.40271368804353097,0.18088543186130482,0.58,733,665,593,4002
