seed,fold,model_name,threshold,runtime,val_roc_auc,val_pr_auc,val_accuracy,val_precision,val_recall,val_specificity,val_f1,val_balanced_acc,val_mcc,val_brier,val_threshold,val_tp,val_fp,val_fn,val_tn,test_roc_auc,test_pr_auc,test_accuracy,test_precision,test_recall,test_specificity,test_f1,test_balanced_acc,test_mcc,test_brier,test_threshold,test_tp,test_fp,test_fn,test_tn
2024,4,CatBoost,0.54,8.614862203598022,0.7796480168700646,0.5438388433922549,0.7800333704115684,0.5027322404371585,0.5778894472361809,0.8375,0.537697253068381,0.7076947236180904,0.3959424397435267,0.17805867011724202,0.54,460,455,336,2345,0.7840827303544253,0.5567132704654786,0.7814116469214083,0.5052287581699346,0.5829562594268477,0.8377973001928434,0.5413165266106442,0.7103767798098455,0.4005523670137421,0.1777808724039972,0.54,773,757,553,3910
