seed,fold,model_name,threshold,runtime,val_roc_auc,val_pr_auc,val_accuracy,val_precision,val_recall,val_specificity,val_f1,val_balanced_acc,val_mcc,val_brier,val_threshold,val_tp,val_fp,val_fn,val_tn,test_roc_auc,test_pr_auc,test_accuracy,test_precision,test_recall,test_specificity,test_f1,test_balanced_acc,test_mcc,test_brier,test_threshold,test_tp,test_fp,test_fn,test_tn
42,3,LogisticRegression,0.55,1.8951942920684814,0.7646702261306533,0.5143185215485342,0.7775305895439377,0.4977324263038549,0.5515075376884422,0.8417857142857142,0.5232419547079857,0.6966466259870783,0.3795009175584848,0.1883957982023083,0.55,439,443,357,2357,0.784103575665733,0.550572106394614,0.7897547138328049,0.5218543046357615,0.5942684766214178,0.8452967645168202,0.5557122708039492,0.719782620569119,0.4202823601537259,0.18318492420334964,0.55,788,722,538,3945
