seed,fold,model_name,threshold,runtime,val_roc_auc,val_pr_auc,val_accuracy,val_precision,val_recall,val_specificity,val_f1,val_balanced_acc,val_mcc,val_brier,val_threshold,val_tp,val_fp,val_fn,val_tn,test_roc_auc,test_pr_auc,test_accuracy,test_precision,test_recall,test_specificity,test_f1,test_balanced_acc,test_mcc,test_brier,test_threshold,test_tp,test_fp,test_fn,test_tn
7,4,LightGBM,0.38,0.20932269096374512,0.7686355886575736,0.5237229045075027,0.7931034482758621,0.5330788804071247,0.5263819095477387,0.8689285714285714,0.5297092288242731,0.6976552404881551,0.39710874003659546,0.15536222205157477,0.38,419,367,377,2433,0.7678451215992652,0.5391404105047802,0.7940931086267312,0.5348484848484848,0.5324283559577677,0.8684379687165202,0.5336356764928194,0.700433162337144,0.4015183339625531,0.1549976526254389,0.38,706,614,620,4053
