seed,fold,model_name,threshold,runtime,val_roc_auc,val_pr_auc,val_accuracy,val_precision,val_recall,val_specificity,val_f1,val_balanced_acc,val_mcc,val_brier,val_threshold,val_tp,val_fp,val_fn,val_tn,test_roc_auc,test_pr_auc,test_accuracy,test_precision,test_recall,test_specificity,test_f1,test_balanced_acc,test_mcc,test_brier,test_threshold,test_tp,test_fp,test_fn,test_tn
42,2,TabNet,0.59,34.05932021141052,0.7885994705671213,0.5768994137265302,0.8061735261401557,0.5617977528089888,0.5653266331658291,0.8746428571428572,0.5635566687539136,0.7199847451543431,0.4389862796647381,0.18060601233209886,0.59,450,351,346,2449,0.7733663012435117,0.5555301972713942,0.7860837643917904,0.5157819225251076,0.5422322775263951,0.8553674737518748,0.5286764705882353,0.6987998756391349,0.39063726880653404,0.18708131604487446,0.59,719,675,607,3992
