seed,fold,model_name,threshold,runtime,val_roc_auc,val_pr_auc,val_accuracy,val_precision,val_recall,val_specificity,val_f1,val_balanced_acc,val_mcc,val_brier,val_threshold,val_tp,val_fp,val_fn,val_tn,test_roc_auc,test_pr_auc,test_accuracy,test_precision,test_recall,test_specificity,test_f1,test_balanced_acc,test_mcc,test_brier,test_threshold,test_tp,test_fp,test_fn,test_tn
2024,3,LightGBM,0.37,0.2833521366119385,0.7866470746590093,0.5499178594787447,0.7769744160177976,0.4969450101832994,0.6130653266331658,0.8235714285714286,0.5489313835770528,0.7183183776022972,0.4068621642813094,0.15396612580858615,0.37,488,494,308,2306,0.7658834000544886,0.5382026250749777,0.7627231770398799,0.47062423500611994,0.5799396681749623,0.8146560959931434,0.5195945945945946,0.6972978820840529,0.3678100746889763,0.15568301667241927,0.37,769,865,557,3802
