seed,fold,model_name,threshold,runtime,val_roc_auc,val_pr_auc,val_accuracy,val_precision,val_recall,val_specificity,val_f1,val_balanced_acc,val_mcc,val_brier,val_threshold,val_tp,val_fp,val_fn,val_tn,test_roc_auc,test_pr_auc,test_accuracy,test_precision,test_recall,test_specificity,test_f1,test_balanced_acc,test_mcc,test_brier,test_threshold,test_tp,test_fp,test_fn,test_tn
2024,2,TabNet,0.54,28.80762791633606,0.7718346195262025,0.5417526066304488,0.7819799777530589,0.5066815144766147,0.571608040201005,0.8417857142857142,0.5371900826446281,0.7066968772433596,0.3964973778952812,0.18957599252844,0.54,455,443,341,2357,0.79143385362584,0.5587262393045569,0.7879192391122977,0.517639512508018,0.6085972850678733,0.8388686522391258,0.5594454072790295,0.7237329686534995,0.4233794177976261,0.1856529517385584,0.54,807,752,519,3915
