seed,fold,model_name,threshold,runtime,val_roc_auc,val_pr_auc,val_accuracy,val_precision,val_recall,val_specificity,val_f1,val_balanced_acc,val_mcc,val_brier,val_threshold,val_tp,val_fp,val_fn,val_tn,test_roc_auc,test_pr_auc,test_accuracy,test_precision,test_recall,test_specificity,test_f1,test_balanced_acc,test_mcc,test_brier,test_threshold,test_tp,test_fp,test_fn,test_tn
42,1,LogisticRegression,0.58,1.7426679134368896,0.7745306891600862,0.5320087194301787,0.7875417130144605,0.5185185185185185,0.5628140703517588,0.8514285714285714,0.5397590361445783,0.7071213208901651,0.40252525476749873,0.18755404318751462,0.58,448,416,348,2384,0.7705326316381409,0.5389277735525076,0.7900884365092607,0.5251107828655834,0.5361990950226244,0.8622241268480823,0.5305970149253731,0.6992116109353533,0.39547022150090066,0.1841573354615787,0.58,711,643,615,4024
