seed,fold,model_name,threshold,runtime,val_roc_auc,val_pr_auc,val_accuracy,val_precision,val_recall,val_specificity,val_f1,val_balanced_acc,val_mcc,val_brier,val_threshold,val_tp,val_fp,val_fn,val_tn,test_roc_auc,test_pr_auc,test_accuracy,test_precision,test_recall,test_specificity,test_f1,test_balanced_acc,test_mcc,test_brier,test_threshold,test_tp,test_fp,test_fn,test_tn
42,2,MLP,0.55,8.323499917984009,0.8004464285714286,0.5849740442858009,0.7947719688542826,0.5315217391304348,0.614321608040201,0.8460714285714286,0.5699300699300699,0.7301965183058148,0.4380536745234889,0.17715513369552766,0.55,489,431,307,2369,0.7794349530948177,0.5639213188276269,0.7760720840981145,0.49479843953185954,0.5739064856711915,0.8335118920077137,0.5314245810055865,0.7037091888394527,0.3871945677784702,0.18344072429035566,0.55,761,777,565,3890
