seed,fold,model_name,threshold,runtime,val_roc_auc,val_pr_auc,val_accuracy,val_precision,val_recall,val_specificity,val_f1,val_balanced_acc,val_mcc,val_brier,val_threshold,val_tp,val_fp,val_fn,val_tn,test_roc_auc,test_pr_auc,test_accuracy,test_precision,test_recall,test_specificity,test_f1,test_balanced_acc,test_mcc,test_brier,test_threshold,test_tp,test_fp,test_fn,test_tn
2024,0,MLP,0.51,12.649966716766357,0.7775323043790381,0.5316617606058036,0.7583426028921023,0.46466602129719264,0.6030150753768844,0.8025,0.5248769819573538,0.7027575376884422,0.37206437611788423,0.185302456026122,0.51,480,553,316,2247,0.7793499559339814,0.547474760454671,0.7675621558484899,0.47990401919616077,0.6033182503770739,0.8142275551746304,0.5345806882726362,0.7087729027758521,0.38679756405957394,0.18129683694967613,0.51,800,867,526,3800
