seed,fold,model_name,threshold,runtime,val_roc_auc,val_pr_auc,val_accuracy,val_precision,val_recall,val_specificity,val_f1,val_balanced_acc,val_mcc,val_brier,val_threshold,val_tp,val_fp,val_fn,val_tn,test_roc_auc,test_pr_auc,test_accuracy,test_precision,test_recall,test_specificity,test_f1,test_balanced_acc,test_mcc,test_brier,test_threshold,test_tp,test_fp,test_fn,test_tn
42,1,CatBoost,0.63,11.72935438156128,0.7882732860732232,0.5690059421215815,0.8083982202447163,0.5701179554390564,0.5464824120603015,0.8828571428571429,0.5580500320718409,0.7146697774587222,0.43596426745186767,0.18022347581258122,0.63,435,328,361,2472,0.7793044679096937,0.5615223531616258,0.8042716502586351,0.5634854771784232,0.5120663650075414,0.8872937647310907,0.5365468194389569,0.699680064869316,0.41360404066823,0.17856462685040544,0.63,679,526,647,4141
