seed,fold,model_name,threshold,runtime,val_roc_auc,val_pr_auc,val_accuracy,val_precision,val_recall,val_specificity,val_f1,val_balanced_acc,val_mcc,val_brier,val_threshold,val_tp,val_fp,val_fn,val_tn,test_roc_auc,test_pr_auc,test_accuracy,test_precision,test_recall,test_specificity,test_f1,test_balanced_acc,test_mcc,test_brier,test_threshold,test_tp,test_fp,test_fn,test_tn
7,1,TabNet,0.56,40.97178339958191,0.7760236450107681,0.5369086613337964,0.7886540600667408,0.5215827338129496,0.5464824120603015,0.8575,0.5337423312883436,0.7019912060301507,0.3973773827146021,0.1792335556759693,0.56,435,399,361,2401,0.7812695828772411,0.5376398258757545,0.7897547138328049,0.5234042553191489,0.5565610859728507,0.8560102849796443,0.5394736842105263,0.7062856854762475,0.4037432417537848,0.17823450028008794,0.56,738,672,588,3995
