seed,fold,model_name,threshold,runtime,val_roc_auc,val_pr_auc,val_accuracy,val_precision,val_recall,val_specificity,val_f1,val_balanced_acc,val_mcc,val_brier,val_threshold,val_tp,val_fp,val_fn,val_tn,test_roc_auc,test_pr_auc,test_accuracy,test_precision,test_recall,test_specificity,test_f1,test_balanced_acc,test_mcc,test_brier,test_threshold,test_tp,test_fp,test_fn,test_tn
42,4,TabNet,0.57,35.70343279838562,0.7728302225412779,0.5468621337055327,0.7833704115684094,0.5099882491186839,0.5452261306532663,0.8510714285714286,0.5270188221007893,0.6981487796123474,0.38709805809100867,0.1824397370253549,0.57,434,417,362,2383,0.7609403950138016,0.5226190526786506,0.7794093108626731,0.5013793103448276,0.548265460030166,0.8450824941075638,0.5237752161383286,0.6966739770688648,0.3812520509309457,0.18784254567462746,0.57,727,723,599,3944
