seed,fold,model_name,threshold,runtime,val_roc_auc,val_pr_auc,val_accuracy,val_precision,val_recall,val_specificity,val_f1,val_balanced_acc,val_mcc,val_brier,val_threshold,val_tp,val_fp,val_fn,val_tn,test_roc_auc,test_pr_auc,test_accuracy,test_precision,test_recall,test_specificity,test_f1,test_balanced_acc,test_mcc,test_brier,test_threshold,test_tp,test_fp,test_fn,test_tn
7,1,LogisticRegression,0.61,1.497298240661621,0.7726061109117014,0.543180172935433,0.8025583982202447,0.5582655826558266,0.5175879396984925,0.8835714285714286,0.5371577574967406,0.7005796841349605,0.4123758228416569,0.18423667021061876,0.61,412,326,384,2474,0.7716876073169951,0.5391456250258033,0.8002669781411647,0.5529122231337161,0.5082956259426847,0.8832226269552175,0.5296660117878192,0.6957591264489511,0.40373798980643416,0.18501683763670088,0.61,674,545,652,4122
