seed,fold,model_name,threshold,runtime,val_roc_auc,val_pr_auc,val_accuracy,val_precision,val_recall,val_specificity,val_f1,val_balanced_acc,val_mcc,val_brier,val_threshold,val_tp,val_fp,val_fn,val_tn,test_roc_auc,test_pr_auc,test_accuracy,test_precision,test_recall,test_specificity,test_f1,test_balanced_acc,test_mcc,test_brier,test_threshold,test_tp,test_fp,test_fn,test_tn
42,0,LightGBM,0.4,0.2311382293701172,0.7814597541277819,0.560897481538658,0.8028364849833148,0.5591836734693878,0.5163316582914573,0.8842857142857142,0.5369039843239712,0.7003086862885858,0.4124418530588846,0.1532773016628881,0.4,411,324,385,2476,0.7892375011351809,0.5611461364586936,0.8074420156849658,0.5716666666666667,0.5173453996983409,0.8898650096421684,0.5431512272367379,0.7036052046702547,0.422391525309464,0.15191313536864587,0.4,686,514,640,4153
