seed,fold,model_name,threshold,runtime,val_roc_auc,val_pr_auc,val_accuracy,val_precision,val_recall,val_specificity,val_f1,val_balanced_acc,val_mcc,val_brier,val_threshold,val_tp,val_fp,val_fn,val_tn,test_roc_auc,test_pr_auc,test_accuracy,test_precision,test_recall,test_specificity,test_f1,test_balanced_acc,test_mcc,test_brier,test_threshold,test_tp,test_fp,test_fn,test_tn
2024,4,TabNet,0.48,33.3614559173584,0.7711409727207467,0.5154408921777388,0.7683537263626251,0.48074921956295524,0.5804020100502513,0.8217857142857142,0.5258964143426295,0.7010938621679828,0.3773221989628843,0.17865725386154932,0.48,462,499,334,2301,0.7676159847664406,0.5335313813752308,0.7680627398631737,0.48055893074119077,0.5965309200603318,0.8167988000857082,0.5323014804845222,0.70666486007302,0.38439485040043303,0.17834788653609468,0.48,791,855,535,3812
