seed,fold,model_name,threshold,runtime,val_roc_auc,val_pr_auc,val_accuracy,val_precision,val_recall,val_specificity,val_f1,val_balanced_acc,val_mcc,val_brier,val_threshold,val_tp,val_fp,val_fn,val_tn,test_roc_auc,test_pr_auc,test_accuracy,test_precision,test_recall,test_specificity,test_f1,test_balanced_acc,test_mcc,test_brier,test_threshold,test_tp,test_fp,test_fn,test_tn
2024,3,CatBoost,0.53,10.129483461380005,0.7878836145010769,0.559428894876321,0.7758620689655172,0.4949392712550607,0.614321608040201,0.8217857142857142,0.5482062780269058,0.7180536611629575,0.4055988008501952,0.17849141015412845,0.53,489,499,307,2301,0.7730394015165691,0.5444923300106994,0.7665609878191223,0.47778454047474134,0.5920060331825038,0.8161559888579387,0.5287975749410576,0.7040810110202212,0.379804271759795,0.18024683004159797,0.53,785,858,541,3809
