seed,fold,model_name,threshold,runtime,val_roc_auc,val_pr_auc,val_accuracy,val_precision,val_recall,val_specificity,val_f1,val_balanced_acc,val_mcc,val_brier,val_threshold,val_tp,val_fp,val_fn,val_tn,test_roc_auc,test_pr_auc,test_accuracy,test_precision,test_recall,test_specificity,test_f1,test_balanced_acc,test_mcc,test_brier,test_threshold,test_tp,test_fp,test_fn,test_tn
2024,0,CatBoost,0.49,9.000653505325317,0.7844934493898061,0.5439898140650454,0.7516685205784205,0.4555453712190651,0.6243718592964824,0.7878571428571428,0.5267620561738209,0.7061145010768126,0.37226983965446137,0.17960624095390998,0.49,497,594,299,2206,0.7885011283938672,0.5593661462832514,0.7597196729517771,0.4682628062360802,0.6342383107088989,0.79537175916006,0.5387572069186419,0.7148050349344794,0.3892624073703857,0.17528459401281932,0.49,841,955,485,3712
