seed,fold,model_name,threshold,runtime,val_roc_auc,val_pr_auc,val_accuracy,val_precision,val_recall,val_specificity,val_f1,val_balanced_acc,val_mcc,val_brier,val_threshold,val_tp,val_fp,val_fn,val_tn,test_roc_auc,test_pr_auc,test_accuracy,test_precision,test_recall,test_specificity,test_f1,test_balanced_acc,test_mcc,test_brier,test_threshold,test_tp,test_fp,test_fn,test_tn
2024,4,LogisticRegression,0.53,1.3397047519683838,0.7620401112706389,0.5151350435062717,0.7733592880978866,0.48975188781014023,0.5703517587939698,0.8310714285714286,0.5269878119558908,0.7007115936826992,0.3809990129512335,0.18629438138278245,0.53,454,473,342,2327,0.7721685038011182,0.5308158323586805,0.7724011346570999,0.48788265306122447,0.5769230769230769,0.8279408613670453,0.5286800276434002,0.7024319691450611,0.382357920654708,0.18439249072926472,0.53,765,803,561,3864
