seed,fold,model_name,threshold,runtime,val_roc_auc,val_pr_auc,val_accuracy,val_precision,val_recall,val_specificity,val_f1,val_balanced_acc,val_mcc,val_brier,val_threshold,val_tp,val_fp,val_fn,val_tn,test_roc_auc,test_pr_auc,test_accuracy,test_precision,test_recall,test_specificity,test_f1,test_balanced_acc,test_mcc,test_brier,test_threshold,test_tp,test_fp,test_fn,test_tn
42,0,LogisticRegression,0.56,1.6793348789215088,0.7657596015793253,0.5373492982162466,0.782258064516129,0.5075493612078978,0.5489949748743719,0.8485714285714285,0.5274592637296318,0.6987832017229002,0.38678086958462693,0.18560150636657513,0.56,437,424,359,2376,0.7774160281376152,0.5445484611780322,0.7905890205239446,0.5254480286738351,0.552790346907994,0.8581529890722092,0.5387725101065785,0.7054716679901016,0.4036463385266951,0.18095886728369937,0.56,733,662,593,4005
