seed,fold,model_name,threshold,runtime,val_roc_auc,val_pr_auc,val_accuracy,val_precision,val_recall,val_specificity,val_f1,val_balanced_acc,val_mcc,val_brier,val_threshold,val_tp,val_fp,val_fn,val_tn,test_roc_auc,test_pr_auc,test_accuracy,test_precision,test_recall,test_specificity,test_f1,test_balanced_acc,test_mcc,test_brier,test_threshold,test_tp,test_fp,test_fn,test_tn
42,1,LightGBM,0.37,0.2120044231414795,0.7769523959081119,0.5595046904627247,0.782258064516129,0.507057546145494,0.5866834170854272,0.8378571428571429,0.5439720442632499,0.712270279971285,0.4037969457036073,0.15404188130218782,0.37,467,454,329,2346,0.7713203904957016,0.5448840300739423,0.7887535458034374,0.5211565585331452,0.557315233785822,0.8545103921148489,0.5386297376093294,0.7059128129503355,0.402226208311336,0.15415207964453406,0.37,739,679,587,3988
