seed,fold,model_name,threshold,runtime,val_roc_auc,val_pr_auc,val_accuracy,val_precision,val_recall,val_specificity,val_f1,val_balanced_acc,val_mcc,val_brier,val_threshold,val_tp,val_fp,val_fn,val_tn,test_roc_auc,test_pr_auc,test_accuracy,test_precision,test_recall,test_specificity,test_f1,test_balanced_acc,test_mcc,test_brier,test_threshold,test_tp,test_fp,test_fn,test_tn
42,1,MLP,0.65,12.04157543182373,0.7879556263460157,0.5649798462987589,0.8095105672969967,0.5782792665726375,0.5150753768844221,0.8932142857142857,0.5448504983388704,0.7041448312993539,0.42604691433798975,0.1834237024963649,0.65,410,299,386,2501,0.7766559822326848,0.5464188712196754,0.809444351743701,0.5833333333333334,0.4856711915535445,0.9014356117420185,0.5300411522633744,0.6935534016477815,0.4145022679543649,0.18199810830259155,0.65,644,460,682,4207
