seed,fold,model_name,threshold,runtime,val_roc_auc,val_pr_auc,val_accuracy,val_precision,val_recall,val_specificity,val_f1,val_balanced_acc,val_mcc,val_brier,val_threshold,val_tp,val_fp,val_fn,val_tn,test_roc_auc,test_pr_auc,test_accuracy,test_precision,test_recall,test_specificity,test_f1,test_balanced_acc,test_mcc,test_brier,test_threshold,test_tp,test_fp,test_fn,test_tn
7,4,CatBoost,0.6,14.577195167541504,0.7816167893036611,0.5476072066252604,0.7969966629588432,0.5408415841584159,0.5489949748743719,0.8675,0.5448877805486284,0.708247487437186,0.41427931581257166,0.17841543520977046,0.6,437,371,359,2429,0.7780535068438873,0.5515027392976389,0.7930919405973635,0.531524926686217,0.5467571644042232,0.8630812084851082,0.5390334572490706,0.7049191864446657,0.40574437299533117,0.17954393941368757,0.6,725,639,601,4028
