seed,fold,model_name,threshold,runtime,val_roc_auc,val_pr_auc,val_accuracy,val_precision,val_recall,val_specificity,val_f1,val_balanced_acc,val_mcc,val_brier,val_threshold,val_tp,val_fp,val_fn,val_tn,test_roc_auc,test_pr_auc,test_accuracy,test_precision,test_recall,test_specificity,test_f1,test_balanced_acc,test_mcc,test_brier,test_threshold,test_tp,test_fp,test_fn,test_tn
2024,3,TabNet,0.53,46.51699614524841,0.7771327620244078,0.5336043579448513,0.7814238042269188,0.5053763440860215,0.5904522613065326,0.8357142857142857,0.544611819235226,0.7130832735104091,0.4040576730613631,0.1780420854615506,0.53,470,460,326,2340,0.7611424652602384,0.5274806818417491,0.7710662439512765,0.4852374839537869,0.5701357466063348,0.8281551317763017,0.5242718446601942,0.6991454391913183,0.3769298087066757,0.1807390125392639,0.53,756,802,570,3865
