seed,fold,model_name,threshold,runtime,val_roc_auc,val_pr_auc,val_accuracy,val_precision,val_recall,val_specificity,val_f1,val_balanced_acc,val_mcc,val_brier,val_threshold,val_tp,val_fp,val_fn,val_tn,test_roc_auc,test_pr_auc,test_accuracy,test_precision,test_recall,test_specificity,test_f1,test_balanced_acc,test_mcc,test_brier,test_threshold,test_tp,test_fp,test_fn,test_tn
7,2,LightGBM,0.38,0.21257567405700684,0.7821466708542713,0.5600069324266105,0.7919911012235817,0.5273348519362187,0.5816582914572864,0.8517857142857143,0.5531660692951016,0.7167220028715003,0.41888669549455565,0.153435926627127,0.38,463,415,333,2385,0.7803034269368607,0.5491314000780397,0.7810779242449525,0.5046235138705416,0.5761689291101055,0.8392971930576387,0.5380281690140845,0.7077330610838721,0.3968924249706978,0.15378104996212805,0.38,764,750,562,3917
