seed,fold,model_name,threshold,runtime,val_roc_auc,val_pr_auc,val_accuracy,val_precision,val_recall,val_specificity,val_f1,val_balanced_acc,val_mcc,val_brier,val_threshold,val_tp,val_fp,val_fn,val_tn,test_roc_auc,test_pr_auc,test_accuracy,test_precision,test_recall,test_specificity,test_f1,test_balanced_acc,test_mcc,test_brier,test_threshold,test_tp,test_fp,test_fn,test_tn
2024,3,MLP,0.58,12.667476654052734,0.7824955132806891,0.5435561711693182,0.792825361512792,0.5308343409915357,0.5515075376884422,0.8614285714285714,0.540973505853358,0.7064680545585068,0.40738419711102636,0.18130506781046166,0.58,439,388,357,2412,0.7735238530150238,0.5408322224305612,0.7894209911563491,0.5234604105571847,0.5384615384615384,0.8607242339832869,0.5308550185873606,0.6995928862224127,0.3951981846097623,0.18157281249896706,0.58,714,650,612,4017
