seed,fold,model_name,threshold,runtime,val_roc_auc,val_pr_auc,val_accuracy,val_precision,val_recall,val_specificity,val_f1,val_balanced_acc,val_mcc,val_brier,val_threshold,val_tp,val_fp,val_fn,val_tn,test_roc_auc,test_pr_auc,test_accuracy,test_precision,test_recall,test_specificity,test_f1,test_balanced_acc,test_mcc,test_brier,test_threshold,test_tp,test_fp,test_fn,test_tn
42,2,LogisticRegression,0.58,1.5485596656799316,0.7934543251974157,0.5740742678828993,0.8067296996662959,0.5613608748481167,0.5804020100502513,0.8710714285714286,0.5707226683137739,0.7257367193108399,0.4461623324033271,0.18000770945868272,0.58,462,361,334,2439,0.7711221984467173,0.5485388812407981,0.7839145669948273,0.5108924806746311,0.548265460030166,0.8508677951574888,0.5289196071298654,0.6995666275938274,0.3893570353729598,0.1862604686306022,0.58,727,696,599,3971
