seed,fold,model_name,threshold,runtime,val_roc_auc,val_pr_auc,val_accuracy,val_precision,val_recall,val_specificity,val_f1,val_balanced_acc,val_mcc,val_brier,val_threshold,val_tp,val_fp,val_fn,val_tn,test_roc_auc,test_pr_auc,test_accuracy,test_precision,test_recall,test_specificity,test_f1,test_balanced_acc,test_mcc,test_brier,test_threshold,test_tp,test_fp,test_fn,test_tn
42,0,CatBoost,0.63,13.262972593307495,0.7862468592964824,0.5718481889143002,0.8042269187986651,0.5614973262032086,0.5276381909547738,0.8828571428571429,0.5440414507772021,0.7052476669059584,0.41987786757207013,0.17706652614799945,0.63,420,328,376,2472,0.7936479003923766,0.5709053596915417,0.8104455197730686,0.5789036544850499,0.5256410256410257,0.8913649025069638,0.5509881422924902,0.7085029640739947,0.43201341159547335,0.17305876011351148,0.63,697,507,629,4160
