seed,fold,model_name,threshold,runtime,val_roc_auc,val_pr_auc,val_accuracy,val_precision,val_recall,val_specificity,val_f1,val_balanced_acc,val_mcc,val_brier,val_threshold,val_tp,val_fp,val_fn,val_tn,test_roc_auc,test_pr_auc,test_accuracy,test_precision,test_recall,test_specificity,test_f1,test_balanced_acc,test_mcc,test_brier,test_threshold,test_tp,test_fp,test_fn,test_tn
7,1,CatBoost,0.55,9.748989582061768,0.785600547379756,0.5641544170155401,0.7847608453837598,0.5119565217391304,0.5917085427135679,0.8396428571428571,0.548951048951049,0.7156756999282126,0.4104212068640673,0.17928657649332946,0.55,471,449,325,2351,0.7938111078685072,0.5724901390893722,0.7847488736859669,0.5115830115830116,0.5995475113122172,0.8373687593743304,0.5520833333333334,0.7184581353432737,0.4138288849241845,0.17736733913057368,0.55,795,759,531,3908
