seed,fold,model_name,threshold,runtime,val_roc_auc,val_pr_auc,val_accuracy,val_precision,val_recall,val_specificity,val_f1,val_balanced_acc,val_mcc,val_brier,val_threshold,val_tp,val_fp,val_fn,val_tn,test_roc_auc,test_pr_auc,test_accuracy,test_precision,test_recall,test_specificity,test_f1,test_balanced_acc,test_mcc,test_brier,test_threshold,test_tp,test_fp,test_fn,test_tn
2024,1,CatBoost,0.56,9.476912021636963,0.7844317569992821,0.5368836747737913,0.78559510567297,0.5140924464487034,0.5728643216080402,0.8460714285714286,0.5418894830659536,0.7094678750897344,0.4034750275123097,0.18084975071506565,0.56,456,431,340,2369,0.7954489191302108,0.5721319108129456,0.7855831803771066,0.5133550488599349,0.5942684766214178,0.8399400042854082,0.5508563439356868,0.7171042404534129,0.41291888151653555,0.17883037503521543,0.56,788,747,538,3920
