seed,fold,model_name,threshold,runtime,val_roc_auc,val_pr_auc,val_accuracy,val_precision,val_recall,val_specificity,val_f1,val_balanced_acc,val_mcc,val_brier,val_threshold,val_tp,val_fp,val_fn,val_tn,test_roc_auc,test_pr_auc,test_accuracy,test_precision,test_recall,test_specificity,test_f1,test_balanced_acc,test_mcc,test_brier,test_threshold,test_tp,test_fp,test_fn,test_tn
7,4,LogisticRegression,0.54,1.7929315567016602,0.7692693377602298,0.5270516969699904,0.7800333704115684,0.5026910656620022,0.5866834170854272,0.835,0.5414492753623188,0.7108417085427136,0.3999472428457398,0.18604423398953726,0.54,467,462,329,2338,0.7643070743815648,0.5288052489326777,0.7682296012014016,0.48054354539839406,0.5867269984917044,0.8197985858152989,0.5283531409168082,0.7032627921535016,0.3800281184570974,0.18762548809375765,0.54,778,841,548,3826
