seed,fold,model_name,threshold,runtime,val_roc_auc,val_pr_auc,val_accuracy,val_precision,val_recall,val_specificity,val_f1,val_balanced_acc,val_mcc,val_brier,val_threshold,val_tp,val_fp,val_fn,val_tn,test_roc_auc,test_pr_auc,test_accuracy,test_precision,test_recall,test_specificity,test_f1,test_balanced_acc,test_mcc,test_brier,test_threshold,test_tp,test_fp,test_fn,test_tn
2024,4,LightGBM,0.38,0.20636200904846191,0.7712351938262743,0.5357166829584077,0.7817018909899889,0.506145251396648,0.5690954773869347,0.8421428571428572,0.5357776463630988,0.7056191672648959,0.39487108350706185,0.15515495010945463,0.38,453,442,343,2358,0.7769542802534144,0.539971445436866,0.779743033539129,0.5019973368841545,0.5686274509803921,0.8397257338761517,0.5332390381895332,0.7041765924282719,0.39112908835597443,0.15486987525360765,0.38,754,748,572,3919
