seed,fold,model_name,threshold,runtime,val_roc_auc,val_pr_auc,val_accuracy,val_precision,val_recall,val_specificity,val_f1,val_balanced_acc,val_mcc,val_brier,val_threshold,val_tp,val_fp,val_fn,val_tn,test_roc_auc,test_pr_auc,test_accuracy,test_precision,test_recall,test_specificity,test_f1,test_balanced_acc,test_mcc,test_brier,test_threshold,test_tp,test_fp,test_fn,test_tn
7,0,TabNet,0.68,22.450278282165527,0.7874789124192391,0.5421536595228003,0.8058954393770856,0.5673076923076923,0.5188442211055276,0.8875,0.541994750656168,0.7031721105527637,0.4198308750269914,0.19379913983959754,0.68,413,315,383,2485,0.7673794955176116,0.5146642565862627,0.7977640580677458,0.5497382198952879,0.4751131221719457,0.8894364688236555,0.5097087378640777,0.6822747954978006,0.3847852883401318,0.1957176803711607,0.68,630,516,696,4151
