seed,fold,model_name,threshold,runtime,val_roc_auc,val_pr_auc,val_accuracy,val_precision,val_recall,val_specificity,val_f1,val_balanced_acc,val_mcc,val_brier,val_threshold,val_tp,val_fp,val_fn,val_tn,test_roc_auc,test_pr_auc,test_accuracy,test_precision,test_recall,test_specificity,test_f1,test_balanced_acc,test_mcc,test_brier,test_threshold,test_tp,test_fp,test_fn,test_tn
7,4,MLP,0.58,8.770020723342896,0.7751146356783918,0.5295959306633786,0.7933815350389322,0.531585220500596,0.5603015075376885,0.8596428571428572,0.545565749235474,0.7099721823402728,0.4122189415440695,0.18330296372757215,0.58,446,393,350,2407,0.7715172898122016,0.5389077274141642,0.7824128149507759,0.507554945054945,0.557315233785822,0.8463681165631026,0.5312724658519051,0.7018416751744623,0.39072070235508927,0.18420967191899523,0.58,739,717,587,3950
