seed,fold,model_name,threshold,runtime,val_roc_auc,val_pr_auc,val_accuracy,val_precision,val_recall,val_specificity,val_f1,val_balanced_acc,val_mcc,val_brier,val_threshold,val_tp,val_fp,val_fn,val_tn,test_roc_auc,test_pr_auc,test_accuracy,test_precision,test_recall,test_specificity,test_f1,test_balanced_acc,test_mcc,test_brier,test_threshold,test_tp,test_fp,test_fn,test_tn
2024,2,LogisticRegression,0.57,1.5315923690795898,0.7704253409906676,0.5559634183416653,0.7911568409343716,0.5274056029232643,0.5439698492462312,0.8614285714285714,0.5355596784168213,0.7026992103374012,0.4009724458990172,0.183143610633008,0.57,433,388,363,2412,0.786309138875342,0.5705180018242291,0.7999332554647088,0.5450035435861091,0.5799396681749623,0.8624383972573387,0.5619291194738765,0.7211890327161505,0.43280592572701915,0.18045130399738682,0.57,769,642,557,4025
