seed,fold,model_name,threshold,runtime,val_roc_auc,val_pr_auc,val_accuracy,val_precision,val_recall,val_specificity,val_f1,val_balanced_acc,val_mcc,val_brier,val_threshold,val_tp,val_fp,val_fn,val_tn,test_roc_auc,test_pr_auc,test_accuracy,test_precision,test_recall,test_specificity,test_f1,test_balanced_acc,test_mcc,test_brier,test_threshold,test_tp,test_fp,test_fn,test_tn
7,2,LogisticRegression,0.52,2.0531461238861084,0.7733641421392677,0.5320656477551684,0.7764182424916574,0.49580712788259956,0.5942211055276382,0.8282142857142857,0.5405714285714286,0.7112176956209619,0.3972420837952958,0.1836794982355422,0.52,473,481,323,2319,0.7752208067878797,0.5379455502254658,0.7777406974803938,0.4981132075471698,0.5972850678733032,0.8290122134133276,0.5432098765432098,0.7131486406433154,0.4008024065618779,0.18311683594765474,0.52,792,798,534,3869
