seed,fold,model_name,threshold,runtime,val_roc_auc,val_pr_auc,val_accuracy,val_precision,val_recall,val_specificity,val_f1,val_balanced_acc,val_mcc,val_brier,val_threshold,val_tp,val_fp,val_fn,val_tn,test_roc_auc,test_pr_auc,test_accuracy,test_precision,test_recall,test_specificity,test_f1,test_balanced_acc,test_mcc,test_brier,test_threshold,test_tp,test_fp,test_fn,test_tn
42,3,TabNet,0.52,25.91036605834961,0.7661026112706388,0.5021391764284251,0.7705784204671857,0.48452508004268946,0.5703517587939698,0.8275,0.5239469128678592,0.6989258793969849,0.37629449748959803,0.18744902014059678,0.52,454,483,342,2317,0.7831650518822023,0.5343751077623319,0.7755715000834307,0.4941824862216779,0.6085972850678733,0.8230126419541461,0.5454545454545454,0.7158049635110098,0.4023886760355884,0.18380598668959408,0.52,807,826,519,3841
