seed,fold,model_name,threshold,runtime,val_roc_auc,val_pr_auc,val_accuracy,val_precision,val_recall,val_specificity,val_f1,val_balanced_acc,val_mcc,val_brier,val_threshold,val_tp,val_fp,val_fn,val_tn,test_roc_auc,test_pr_auc,test_accuracy,test_precision,test_recall,test_specificity,test_f1,test_balanced_acc,test_mcc,test_brier,test_threshold,test_tp,test_fp,test_fn,test_tn
42,4,LightGBM,0.33,0.19677519798278809,0.7814404612347451,0.549660098822754,0.7903225806451613,0.5243055555555556,0.5690954773869347,0.8532142857142857,0.5457831325301205,0.7111548815506101,0.4103641871646458,0.15447423545261868,0.33,453,411,343,2389,0.7779155884469791,0.5385010140718931,0.7807442015684966,0.5039370078740157,0.579185520361991,0.8380115706020999,0.5389473684210526,0.7085985454820454,0.3976804789313361,0.15503629358264506,0.33,768,756,558,3911
