seed,fold,model_name,threshold,runtime,val_roc_auc,val_pr_auc,val_accuracy,val_precision,val_recall,val_specificity,val_f1,val_balanced_acc,val_mcc,val_brier,val_threshold,val_tp,val_fp,val_fn,val_tn,test_roc_auc,test_pr_auc,test_accuracy,test_precision,test_recall,test_specificity,test_f1,test_balanced_acc,test_mcc,test_brier,test_threshold,test_tp,test_fp,test_fn,test_tn
2024,0,TabNet,0.47,33.06309390068054,0.7754459798994975,0.5337419373656662,0.7441601779755284,0.445326278659612,0.6344221105527639,0.7753571428571429,0.5233160621761658,0.7048896267049534,0.3661297042708412,0.18284855828329774,0.47,505,629,291,2171,0.7666955592376885,0.5313992488823466,0.7435341231436676,0.44281842818428185,0.6161387631975868,0.7797300192843368,0.5152948596657206,0.6979343912409618,0.35597898364715325,0.18120067901371228,0.47,817,1028,509,3639
