seed,fold,model_name,threshold,runtime,val_roc_auc,val_pr_auc,val_accuracy,val_precision,val_recall,val_specificity,val_f1,val_balanced_acc,val_mcc,val_brier,val_threshold,val_tp,val_fp,val_fn,val_tn,test_roc_auc,test_pr_auc,test_accuracy,test_precision,test_recall,test_specificity,test_f1,test_balanced_acc,test_mcc,test_brier,test_threshold,test_tp,test_fp,test_fn,test_tn
7,0,LogisticRegression,0.56,1.8090579509735107,0.791907753050969,0.567947402187367,0.7942157953281423,0.531390134529148,0.5954773869346733,0.8507142857142858,0.5616113744075829,0.7230958363244795,0.42891500473371186,0.17907309325056936,0.56,474,418,322,2382,0.7712216580522206,0.5395604695751455,0.7850825963624228,0.5134180790960452,0.548265460030166,0.8523676880222841,0.5302698760029175,0.700316574026225,0.3914852999536179,0.18274015680179193,0.56,727,689,599,3978
