seed,fold,model_name,threshold,runtime,val_roc_auc,val_pr_auc,val_accuracy,val_precision,val_recall,val_specificity,val_f1,val_balanced_acc,val_mcc,val_brier,val_threshold,val_tp,val_fp,val_fn,val_tn,test_roc_auc,test_pr_auc,test_accuracy,test_precision,test_recall,test_specificity,test_f1,test_balanced_acc,test_mcc,test_brier,test_threshold,test_tp,test_fp,test_fn,test_tn
7,1,MLP,0.56,5.99907374382019,0.7832777727925341,0.5626582652623459,0.7903225806451613,0.5244755244755245,0.5653266331658291,0.8542857142857143,0.5441354292623942,0.7098061737257717,0.40871769732783003,0.18032913765440678,0.56,450,408,346,2392,0.7847298237585487,0.5562448393567239,0.7877523777740697,0.5184174624829468,0.5731523378582202,0.8487250910649239,0.5444126074498568,0.710938714461572,0.40738470594985104,0.18063105983321093,0.56,760,706,566,3961
