seed,fold,model_name,threshold,runtime,val_roc_auc,val_pr_auc,val_accuracy,val_precision,val_recall,val_specificity,val_f1,val_balanced_acc,val_mcc,val_brier,val_threshold,val_tp,val_fp,val_fn,val_tn,test_roc_auc,test_pr_auc,test_accuracy,test_precision,test_recall,test_specificity,test_f1,test_balanced_acc,test_mcc,test_brier,test_threshold,test_tp,test_fp,test_fn,test_tn
7,3,TabNet,0.56,30.865565538406372,0.7744245782483848,0.5333653082413238,0.7917130144605117,0.5286935286935287,0.5439698492462312,0.8621428571428571,0.5362229102167183,0.7030563531945442,0.40202423724063135,0.18348877756315,0.56,433,386,363,2414,0.7895454946495417,0.5615229849241768,0.796929751376606,0.5389007851534618,0.5693815987933635,0.8615813156203128,0.5537220388705537,0.7154814572068382,0.4226788864782683,0.17824021433828452,0.56,755,646,571,4021
