seed,fold,model_name,threshold,runtime,val_roc_auc,val_pr_auc,val_accuracy,val_precision,val_recall,val_specificity,val_f1,val_balanced_acc,val_mcc,val_brier,val_threshold,val_tp,val_fp,val_fn,val_tn,test_roc_auc,test_pr_auc,test_accuracy,test_precision,test_recall,test_specificity,test_f1,test_balanced_acc,test_mcc,test_brier,test_threshold,test_tp,test_fp,test_fn,test_tn
2024,1,TabNet,0.57,23.135657787322998,0.7721886216798277,0.5234795818350876,0.7864293659621802,0.5166270783847982,0.5464824120603015,0.8546428571428571,0.5311355311355311,0.7005626346015793,0.3932579920420337,0.18981441772442373,0.57,435,407,361,2393,0.778853869843169,0.5358139641598487,0.7870849324211581,0.5172890733056709,0.5641025641025641,0.8504392543389758,0.5396825396825397,0.70727090922077,0.40217251503586526,0.18907315929332977,0.57,748,698,578,3969
