seed,fold,model_name,threshold,runtime,val_roc_auc,val_pr_auc,val_accuracy,val_precision,val_recall,val_specificity,val_f1,val_balanced_acc,val_mcc,val_brier,val_threshold,val_tp,val_fp,val_fn,val_tn,test_roc_auc,test_pr_auc,test_accuracy,test_precision,test_recall,test_specificity,test_f1,test_balanced_acc,test_mcc,test_brier,test_threshold,test_tp,test_fp,test_fn,test_tn
7,1,LightGBM,0.38,0.20474886894226074,0.7825500269203158,0.5629405480472895,0.789210233592881,0.5217889908256881,0.571608040201005,0.8510714285714286,0.5455635491606715,0.7113397343862168,0.4094349466274291,0.1535495479465529,0.38,455,417,341,2383,0.7853307019763618,0.5548488616677963,0.7860837643917904,0.5150478796169631,0.5678733031674208,0.8480822798371545,0.5401721664275466,0.7079777915022876,0.40203781396972565,0.15324394690666657,0.38,753,709,573,3958
