seed,fold,model_name,threshold,runtime,val_roc_auc,val_pr_auc,val_accuracy,val_precision,val_recall,val_specificity,val_f1,val_balanced_acc,val_mcc,val_brier,val_threshold,val_tp,val_fp,val_fn,val_tn,test_roc_auc,test_pr_auc,test_accuracy,test_precision,test_recall,test_specificity,test_f1,test_balanced_acc,test_mcc,test_brier,test_threshold,test_tp,test_fp,test_fn,test_tn
42,0,TabNet,0.61,25.066969394683838,0.7735824210337401,0.5298065570308018,0.7950500556173526,0.5382619974059663,0.5213567839195979,0.8728571428571429,0.5296745373324825,0.6971069633883704,0.398777914132106,0.19527450307121377,0.61,415,356,381,2444,0.7771010053903713,0.5291503800871082,0.7974303353912898,0.5453808752025932,0.5075414781297134,0.8797943004071138,0.52578125,0.6936678892684136,0.39761507823762254,0.1908207743842705,0.61,673,561,653,4106
