seed,fold,model_name,threshold,runtime,val_roc_auc,val_pr_auc,val_accuracy,val_precision,val_recall,val_specificity,val_f1,val_balanced_acc,val_mcc,val_brier,val_threshold,val_tp,val_fp,val_fn,val_tn,test_roc_auc,test_pr_auc,test_accuracy,test_precision,test_recall,test_specificity,test_f1,test_balanced_acc,test_mcc,test_brier,test_threshold,test_tp,test_fp,test_fn,test_tn
2024,2,CatBoost,0.55,11.042335987091064,0.7897141959798994,0.574163148681965,0.792825361512792,0.52989449003517,0.5678391959798995,0.8567857142857143,0.5482110369921165,0.7123124551328068,0.41443230208065185,0.1761848995848492,0.55,452,401,344,2399,0.8076973978264643,0.5996633433739557,0.7999332554647088,0.5421926910299003,0.6153846153846154,0.8523676880222841,0.5764747439067467,0.7338761517034498,0.4477255959602132,0.1709908430920693,0.55,816,689,510,3978
