seed,fold,model_name,threshold,runtime,val_roc_auc,val_pr_auc,val_accuracy,val_precision,val_recall,val_specificity,val_f1,val_balanced_acc,val_mcc,val_brier,val_threshold,val_tp,val_fp,val_fn,val_tn,test_roc_auc,test_pr_auc,test_accuracy,test_precision,test_recall,test_specificity,test_f1,test_balanced_acc,test_mcc,test_brier,test_threshold,test_tp,test_fp,test_fn,test_tn
2024,4,MLP,0.58,11.203394174575806,0.7737912778176597,0.5340090204953176,0.7914349276974416,0.5285359801488834,0.535175879396985,0.8642857142857143,0.5318352059925093,0.6997307968413496,0.3976865996252145,0.1798813304942531,0.58,426,380,370,2420,0.77728829000902,0.5471653988543405,0.7932588019355915,0.5326331582895724,0.5354449472096531,0.8665095350332119,0.5340353516359534,0.7009772411214326,0.40119868910821066,0.1793419479002745,0.58,710,623,616,4044
