seed,fold,model_name,threshold,runtime,val_roc_auc,val_pr_auc,val_accuracy,val_precision,val_recall,val_specificity,val_f1,val_balanced_acc,val_mcc,val_brier,val_threshold,val_tp,val_fp,val_fn,val_tn,test_roc_auc,test_pr_auc,test_accuracy,test_precision,test_recall,test_specificity,test_f1,test_balanced_acc,test_mcc,test_brier,test_threshold,test_tp,test_fp,test_fn,test_tn
7,0,MLP,0.61,11.57715129852295,0.8004536073223261,0.5963228294392433,0.8131256952169077,0.5796915167095116,0.5665829145728644,0.8832142857142857,0.5730622617534943,0.7248986001435751,0.45351536406272425,0.17634839488900905,0.61,451,327,345,2473,0.7811536409325643,0.5608692680449833,0.7994326714500251,0.5492063492063493,0.521870286576169,0.8782944075423184,0.5351894818252126,0.7000823470592437,0.40763916805893724,0.18139833737298136,0.61,692,568,634,4099
