seed,fold,model_name,threshold,runtime,val_roc_auc,val_pr_auc,val_accuracy,val_precision,val_recall,val_specificity,val_f1,val_balanced_acc,val_mcc,val_brier,val_threshold,val_tp,val_fp,val_fn,val_tn,test_roc_auc,test_pr_auc,test_accuracy,test_precision,test_recall,test_specificity,test_f1,test_balanced_acc,test_mcc,test_brier,test_threshold,test_tp,test_fp,test_fn,test_tn
7,3,LightGBM,0.39,0.21502089500427246,0.7856925251256281,0.5570466603159201,0.7994994438264739,0.546583850931677,0.5527638190954773,0.8696428571428572,0.5496564647095565,0.7112033381191672,0.42071545372463703,0.15353145840174406,0.39,440,365,356,2435,0.7935902930010494,0.5743580823326868,0.8014350075087602,0.5494186046511628,0.5701357466063348,0.8671523462609814,0.5595854922279793,0.7186440464336581,0.43158780046373185,0.1517605979372623,0.39,756,620,570,4047
