seed,fold,model_name,threshold,runtime,val_roc_auc,val_pr_auc,val_accuracy,val_precision,val_recall,val_specificity,val_f1,val_balanced_acc,val_mcc,val_brier,val_threshold,val_tp,val_fp,val_fn,val_tn,test_roc_auc,test_pr_auc,test_accuracy,test_precision,test_recall,test_specificity,test_f1,test_balanced_acc,test_mcc,test_brier,test_threshold,test_tp,test_fp,test_fn,test_tn
7,2,TabNet,0.55,18.917031049728394,0.7746383704235463,0.5336086195621172,0.792825361512792,0.5306122448979592,0.5552763819095478,0.8603571428571428,0.5426642111724984,0.7078167623833453,0.4090092939486008,0.17985922209250665,0.55,442,391,354,2409,0.7666099965063905,0.5265287026532994,0.7855831803771066,0.5146324054246967,0.5437405731523378,0.8542961217055924,0.5287862119545288,0.6990183474289651,0.3903855792068154,0.18150964356057936,0.55,721,680,605,3987
