seed,fold,model_name,threshold,runtime,val_roc_auc,val_pr_auc,val_accuracy,val_precision,val_recall,val_specificity,val_f1,val_balanced_acc,val_mcc,val_brier,val_threshold,val_tp,val_fp,val_fn,val_tn,test_roc_auc,test_pr_auc,test_accuracy,test_precision,test_recall,test_specificity,test_f1,test_balanced_acc,test_mcc,test_brier,test_threshold,test_tp,test_fp,test_fn,test_tn
2024,2,MLP,0.57,6.357473373413086,0.7838114680545585,0.5659577906901174,0.7953281423804227,0.5369458128078818,0.5477386934673367,0.8657142857142858,0.5422885572139303,0.7067264895908112,0.4105339190085857,0.1800675406444212,0.57,436,376,360,2424,0.799200428799365,0.5849342131117756,0.8032704822292674,0.5517970401691332,0.5904977375565611,0.8637240197128776,0.5704918032786885,0.7271108786347193,0.44352623896774074,0.17669649195481021,0.57,783,636,543,4031
