seed,fold,model_name,threshold,runtime,val_roc_auc,val_pr_auc,val_accuracy,val_precision,val_recall,val_specificity,val_f1,val_balanced_acc,val_mcc,val_brier,val_threshold,val_tp,val_fp,val_fn,val_tn,test_roc_auc,test_pr_auc,test_accuracy,test_precision,test_recall,test_specificity,test_f1,test_balanced_acc,test_mcc,test_brier,test_threshold,test_tp,test_fp,test_fn,test_tn
42,2,CatBoost,0.58,13.538241863250732,0.8017744974874372,0.595387665001149,0.8028364849833148,0.5501730103806228,0.5992462311557789,0.8607142857142858,0.5736620565243535,0.7299802584350323,0.44642117508463464,0.17288388623663983,0.58,477,390,319,2410,0.7835405098730828,0.5700994364361798,0.7859169030535625,0.5146958304853042,0.5678733031674208,0.847868009427898,0.539978486912872,0.7078706562976593,0.40173769301694723,0.17967952641783494,0.58,753,710,573,3957
