seed,fold,model_name,threshold,runtime,val_roc_auc,val_pr_auc,val_accuracy,val_precision,val_recall,val_specificity,val_f1,val_balanced_acc,val_mcc,val_brier,val_threshold,val_tp,val_fp,val_fn,val_tn,test_roc_auc,test_pr_auc,test_accuracy,test_precision,test_recall,test_specificity,test_f1,test_balanced_acc,test_mcc,test_brier,test_threshold,test_tp,test_fp,test_fn,test_tn
2024,0,LightGBM,0.36,0.20239043235778809,0.7775603463747308,0.5435579539081862,0.7689098998887653,0.48186528497409326,0.5841708542713567,0.8214285714285714,0.5281090289608177,0.7027997128499641,0.3800220533480751,0.1550774240031422,0.36,465,500,331,2300,0.7810238021136823,0.5447928250990919,0.77724011346571,0.497196261682243,0.6018099547511312,0.8270837797300192,0.5445240532241555,0.7144468672405753,0.4020402519921311,0.15396275077639646,0.36,798,807,528,3860
