Experiment,Mean_Accuracy,Std_Accuracy,Mean_Sensitivity,Std_Sensitivity,Mean_Specificity,Std_Specificity
MLP_baseline,0.8840579710144928,0.04893316816270764,0.9035762483130902,0.04648280500096463,0.8610752688172043,0.10875407238312708
MLP_smoteenn,0.8753623188405797,0.04771616705262122,0.8408232118758434,0.057802059585306494,0.9192473118279569,0.08058126500962559
LSTM_baseline,0.8913043478260871,0.041119596982930745,0.9193657219973008,0.03498147779460151,0.8578494623655913,0.10506625430634053
LSTM_smoteenn,0.8797101449275363,0.047207239057687894,0.8459514170040487,0.058107353170561454,0.9224731182795697,0.07090001656028264
GRU_baseline,0.8942028985507247,0.040501995978209034,0.9193657219973008,0.03498147779460151,0.8643010752688174,0.1036837958307051
GRU_smoteenn,0.8768115942028987,0.04729614165820497,0.8459514170040485,0.054414630634732765,0.9160215053763441,0.08051236378017163
