{
    "german_baseline_mean": 0.8119999999999999,
    "german_smote_mean": 0.7810000000000001,
    "german_improvement": -0.030999999999999805,
    "australian_baseline_mean": 0.8922705314009663,
    "australian_smote_mean": 0.8772946859903383,
    "australian_improvement": -0.01497584541062802
}