epoch,train_loss,train_accuracy,val_loss,val_accuracy
1,0.08006422544399129,0.7020933977455717,0.08041532337665558,0.6666666666666666
2,0.07273439896231496,0.7230273752012882,0.09475290775299072,0.5942028985507246
3,0.07017226586787213,0.7310789049919485,0.08099203556776047,0.6811594202898551
4,0.0690055627633792,0.7568438003220612,0.08211997151374817,0.6666666666666666
5,0.0665429389635146,0.750402576489533,0.08830747753381729,0.6956521739130435
6,0.0662581407841469,0.7616747181964574,0.08503875136375427,0.6811594202898551
