epoch,train_loss,train_accuracy,val_loss,val_accuracy
1,0.6411577352771053,0.6763285024154589,0.5998644828796387,0.7971014492753623
2,0.4964600720363347,0.855072463768116,0.5038425922393799,0.7536231884057971
3,0.3703722615940751,0.856682769726248,0.5113925933837891,0.782608695652174
4,0.32826677228709544,0.8631239935587761,0.5297189950942993,0.7971014492753623
5,0.30949242645799635,0.8743961352657005,0.5278363227844238,0.7971014492753623
6,0.3052536092230663,0.8743961352657005,0.5239232182502747,0.7971014492753623
7,0.293757285280888,0.8760064412238325,0.5184126496315002,0.7971014492753623
