epoch,train_loss,val_loss
1,0.649208676315928,0.5866475701332092
2,0.4956681689010534,0.4758146107196808
3,0.374712684640178,0.48001977801322937
4,0.3374577988173075,0.4630427658557892
5,0.3191946830822458,0.4796805679798126
6,0.3060149427341378,0.47395795583724976
7,0.2946509143004671,0.46928849816322327
8,0.295451184257793,0.4668613374233246
9,0.2967408653618633,0.47787830233573914
