epoch,train_loss,val_loss
1,0.07549175323735496,0.06741523742675781
2,0.055098626888604556,0.0627659261226654
3,0.04612958298969096,0.05885440856218338
4,0.04568559671609682,0.05874141305685043
5,0.04110833083469895,0.062314435839653015
6,0.039085872165390834,0.0635191798210144
7,0.03984931322645498,0.06071826070547104
8,0.03677613175685567,0.06317383795976639
9,0.037885208636666265,0.060230787843465805
