epoch,train_loss,train_accuracy,val_loss,val_accuracy
1,0.16672726799756432,0.6312399355877617,0.06886826455593109,0.8405797101449275
2,0.08136167812750535,0.6328502415458938,0.06958549469709396,0.8115942028985508
3,0.07419115130980042,0.714975845410628,0.0708516463637352,0.5942028985507246
4,0.06947000552682676,0.7262479871175523,0.04283834248781204,0.9130434782608695
5,0.06685754758772258,0.7439613526570048,0.04488880932331085,0.8840579710144928
6,0.06641912087198233,0.748792270531401,0.04408327862620354,0.9130434782608695
7,0.06612834375165703,0.7536231884057971,0.04334893450140953,0.9565217391304348
8,0.06616627412957654,0.7326892109500805,0.04639791324734688,0.8840579710144928
9,0.06667255492649984,0.7294685990338164,0.04359552264213562,0.9420289855072463
