epoch,train_loss,train_accuracy,val_loss,val_accuracy
1,0.6753600589070704,0.5381263616557734,0.6630379557609558,0.6086956521739131
2,0.584526373669992,0.8322440087145969,0.6080097556114197,0.6231884057971014
3,0.434010687476929,0.8148148148148148,0.5516272783279419,0.6956521739130435
4,2.0314012706149898,0.6601307189542484,0.5637766718864441,0.6956521739130435
5,0.8592478992632532,0.616557734204793,0.7281743288040161,0.6231884057971014
6,0.6113169489343182,0.6514161220043573,0.6055575609207153,0.6376811594202898
7,0.5558768169292957,0.7080610021786492,0.6091647148132324,0.6376811594202898
8,0.5577883954141655,0.7254901960784313,0.6115443706512451,0.6231884057971014
