epoch,train_loss,val_loss
1,0.7477180242730416,0.7366882562637329
2,0.6449280700821808,0.7641611099243164
3,0.6126391955811812,0.7637103199958801
4,0.61669426407791,0.7165859341621399
5,0.5949425667572329,0.7094157934188843
6,0.5810547136550173,0.80330890417099
7,0.5795680998604079,0.7244061827659607
8,0.5789048570941612,0.7233520746231079
9,0.5730123850554468,0.7401402592658997
10,0.573313034195063,0.7500722408294678
