epoch,train_loss,val_loss
1,0.6481449831511088,0.5606981515884399
2,0.5185385549413986,0.3732982277870178
3,0.39716436623951085,0.27782386541366577
4,0.36041566105664447,0.27476999163627625
5,0.338876458565778,0.2661832273006439
6,0.3362785657438871,0.2510223388671875
7,0.31776859072575436,0.27007827162742615
8,0.32327546404851615,0.25979581475257874
9,0.3038399857791342,0.2686815857887268
10,0.30915164443605764,0.2655687928199768
11,0.2936872984860062,0.2704680263996124
