epoch,train_loss,val_loss
1,0.9833598530670097,0.6396581530570984
2,0.6317686120309441,0.6320879459381104
3,0.5706559398055616,0.5537428259849548
4,0.5208160753163816,0.5330037474632263
5,0.44697438308556153,0.5232019424438477
6,0.432640080807975,0.4625037610530853
7,0.5928627452159899,0.7380508184432983
8,0.6109314760471362,0.5544910430908203
9,0.6759645620622247,1.1053075790405273
10,0.7436289050999809,0.7412465810775757
11,0.7121315806160146,0.7100288271903992
