epoch,train_loss,val_loss
1,0.67591770010102,0.6444644927978516
2,0.5916588703311392,0.6047096848487854
3,0.5268013933718493,0.6365300416946411
4,0.5283708897765708,0.6427090764045715
5,0.5220091809397158,0.5889279246330261
6,0.5218561947249752,0.6300774812698364
7,0.5157962469279094,0.6025265455245972
8,0.5144662841218681,0.6131856441497803
9,0.5133467487954863,0.6003422141075134
10,0.507175933767632,0.6112387776374817
