epoch,train_loss,val_loss
1,0.7356064291775899,0.67653888463974
2,0.6018968619970115,0.5153033137321472
3,0.4503134290377299,0.43250390887260437
4,0.377318867114815,0.4343142807483673
5,0.35992372938208345,0.4377923607826233
6,0.335564934425116,0.44053927063941956
7,0.34251101572972376,0.44079312682151794
8,0.33041255380028495,0.4451068043708801
