epoch,train_loss,val_loss
1,0.6476320760701996,0.62059086561203
2,0.5004307153048339,0.4877956211566925
3,0.2824930860163859,0.384196400642395
4,0.1403526875610445,0.4204338788986206
5,0.07809515829423284,0.49423593282699585
6,0.055727473352599505,0.5489817261695862
7,0.04734971590161583,0.6031160354614258
8,0.039403519248244936,0.6165896654129028
