epoch,train_loss,val_loss
1,0.07975118931220926,0.07535971701145172
2,0.06877907406352761,0.08540834486484528
3,0.06903888678685094,0.07566149532794952
4,0.06886035276519888,0.07445786893367767
5,0.06640606665692851,0.0811217650771141
6,0.06639205130497998,0.08166167140007019
7,0.06555955969817012,0.07525824010372162
8,0.06502384518463639,0.08058633655309677
9,0.06505563551629032,0.07448837906122208
