epoch,train_loss,train_accuracy,val_loss,val_accuracy
1,0.6733627400846562,0.688034188034188,0.6660383939743042,0.6376811594202898
2,0.584826659443032,0.7841880341880342,0.6299645304679871,0.6956521739130435
3,0.45197780672301596,0.7927350427350427,0.7391278147697449,0.6811594202898551
4,0.39845509865345097,0.8076923076923077,0.7770743370056152,0.6666666666666666
5,0.3883472309153304,0.8290598290598291,0.7734194397926331,0.6666666666666666
6,0.5026956348337679,0.7777777777777778,0.7780343890190125,0.6231884057971014
7,0.5525512555216112,0.7243589743589743,0.6627114415168762,0.6811594202898551
