epoch,train_loss,val_loss
1,0.6466613735361759,0.5783237218856812
2,0.5081723878541047,0.407569020986557
3,0.3971927416017474,0.3351574242115021
4,0.3510898370385746,0.32570523023605347
5,0.3277580804774919,0.3208927512168884
6,0.32129470864835763,0.33432990312576294
7,0.316652906221756,0.3302501142024994
8,0.3077618377028264,0.3361448645591736
9,0.309904962586128,0.3259892761707306
10,0.3034962649410666,0.33034223318099976
