epoch,train_loss,val_loss
1,1.109573020164623,0.6804166436195374
2,0.6525369247494827,0.7246573567390442
3,0.6124745784368056,0.6110023856163025
4,0.5436983129343091,0.5860785245895386
5,0.44326849366379617,0.7874048352241516
6,0.7362618553065837,0.5638836026191711
7,0.45737448438806827,0.5757154226303101
8,0.4063485284299309,0.7318731546401978
9,0.39758551589266183,0.62985759973526
10,0.36854050149043055,0.5881071090698242
11,0.3775508986810409,0.6980169415473938
