epoch,train_loss,train_accuracy,val_loss,val_accuracy
1,0.07782658886602344,0.711755233494364,0.06934238970279694,0.7681159420289855
2,0.05575846380369675,0.821256038647343,0.06712440401315689,0.7681159420289855
3,0.04720981320105313,0.8486312399355878,0.07162679731845856,0.7971014492753623
4,0.044554287813687865,0.8695652173913043,0.0673411414027214,0.7971014492753623
5,0.03971307653927764,0.8776167471819646,0.07209736853837967,0.8260869565217391
6,0.03709322926940789,0.8743961352657005,0.07224895060062408,0.8260869565217391
7,0.03773964423800244,0.8985507246376812,0.07008563727140427,0.7971014492753623
