epoch,train_loss,val_loss
1,0.7338985530074668,0.6837506890296936
2,0.6063824895883336,0.5666837692260742
3,0.45015921142558163,0.5342629551887512
4,0.3923929019106759,0.5548660159111023
5,0.3535854192075714,0.5326799750328064
6,0.33740051522635034,0.5612355470657349
7,0.33748094034463694,0.5536561608314514
8,0.34008856420067773,0.5448155999183655
9,0.3122846169364241,0.5426959991455078
10,0.32607007414198536,0.5704284310340881
