epoch,train_loss,val_loss
1,0.7200317880957599,0.6238585114479065
2,0.5815016554845512,0.4341750741004944
3,0.43683073428517954,0.31126242876052856
4,0.40753471378638934,0.2906721234321594
5,0.3752337658654856,0.28360265493392944
6,0.3698738896664406,0.301778107881546
7,0.3562778667839253,0.28995558619499207
8,0.34107873825155405,0.30257415771484375
9,0.34279248948642405,0.2880951762199402
10,0.35736233720648886,0.28711795806884766
