epoch,train_loss,val_loss
1,0.6580578530276263,0.6103578209877014
2,0.525547841032922,0.4673968553543091
3,0.39285435811908925,0.38957613706588745
4,0.341869345633688,0.3760373890399933
5,0.32057041016177856,0.38198038935661316
6,0.3096941505077381,0.384360671043396
7,0.3049962587306657,0.3874571621417999
8,0.29494029734637617,0.3913842439651489
9,0.2877317487041731,0.3923298418521881
