epoch,train_loss,val_loss
1,0.14387713545474454,0.0671326145529747
2,0.07476147699759202,0.06784378737211227
3,0.07052180299388422,0.06752004474401474
4,0.06775983061863412,0.06349443644285202
5,0.06615549018801506,0.06226874887943268
6,0.06664536486045367,0.061879925429821014
7,0.0671564095598104,0.0623195581138134
8,0.06564035344622945,0.06476157903671265
9,0.0641160101034407,0.06995794922113419
10,0.06730091935338606,0.06334593892097473
11,0.06396042096058144,0.0684184655547142
