epoch,train_loss,train_accuracy,val_loss,val_accuracy
1,0.6718635807674672,0.605475040257649,0.6404547095298767,0.6956521739130435
2,0.5963436364167747,0.6876006441223832,0.587741494178772,0.7101449275362319
3,0.5770373876160085,0.6811594202898551,0.5952500104904175,0.6956521739130435
4,0.5470622695394568,0.7230273752012882,0.5634781718254089,0.7246376811594203
5,0.5354855680619269,0.7536231884057971,0.5871492624282837,0.7101449275362319
6,0.5243636998385431,0.7520128824476651,0.5672013163566589,0.7391304347826086
7,0.5190519670357451,0.7520128824476651,0.5762826800346375,0.7391304347826086
8,0.5137245946844227,0.7584541062801933,0.5674871206283569,0.7391304347826086
9,0.5071054330386593,0.7648953301127214,0.572270929813385,0.7101449275362319
