epoch,train_loss,val_loss
1,0.07812023399196769,0.06824804842472076
2,0.0570628526478094,0.05102662742137909
3,0.04843429975127636,0.046403668820858
4,0.04603446015545232,0.04732456058263779
5,0.04453752619392822,0.04729746654629707
6,0.041834755220274994,0.048081737011671066
7,0.040277996950823326,0.0490974485874176
8,0.037818108356877225,0.05009542778134346
