epoch,train_loss,val_loss
1,0.6733574578335192,0.6565508842468262
2,0.5906075869064664,0.5777497291564941
3,0.4639093262920213,0.6394977569580078
4,0.49886475562008187,0.6024468541145325
5,0.38543611485104373,0.5657530426979065
6,0.3561793529310601,0.6216681003570557
7,0.3444449835208826,0.6331965923309326
8,0.34450598015535344,0.6382299065589905
9,0.34026541460028903,0.6673534512519836
10,0.33694295396450824,0.6692094802856445
