epoch,train_loss,val_loss
1,0.6418223210743496,0.6149430274963379
2,0.49004563476358143,0.5056737065315247
3,0.29687195271253586,0.4148907959461212
4,0.1346924523157733,0.40709570050239563
5,0.06500936006861073,0.4275246560573578
6,0.03932561685464212,0.44207867980003357
7,0.028189378590988263,0.45472174882888794
8,0.02154709239091192,0.46580368280410767
9,0.022239536146766374,0.46539872884750366
