epoch,train_loss,train_accuracy,val_loss,val_accuracy
1,0.07565489219390635,0.7246376811594203,0.05961789935827255,0.8115942028985508
2,0.05485072076296653,0.856682769726248,0.04237435758113861,0.8115942028985508
3,0.047293611974627885,0.856682769726248,0.03866050764918327,0.8115942028985508
4,0.04598132675684593,0.8727858293075684,0.04021310806274414,0.8405797101449275
5,0.04337831379038892,0.8663446054750402,0.03985989838838577,0.8260869565217391
6,0.042659620276011896,0.8872785829307569,0.04003088176250458,0.8260869565217391
7,0.04208447138708379,0.8631239935587761,0.03909516707062721,0.8260869565217391
8,0.03807249785687372,0.8808373590982287,0.03904694318771362,0.8260869565217391
