epoch,train_loss,val_loss
1,0.07781656194424284,0.06658995896577835
2,0.058306711811374354,0.052163101732730865
3,0.04594752193097139,0.0512455590069294
4,0.04212607301159757,0.05220889300107956
5,0.04032006271891356,0.05193380266427994
6,0.03987034038909008,0.05094718933105469
7,0.03876398010974249,0.05190147086977959
8,0.037905706782583835,0.05235596001148224
9,0.0390897451835458,0.05359753593802452
10,0.037876376408285756,0.05150347203016281
11,0.03773771798697071,0.05173943564295769
