epoch,train_loss,train_accuracy,val_loss,val_accuracy
1,0.6462089348043132,0.7286324786324786,0.6341713070869446,0.7391304347826086
2,0.49389789578242177,0.9358974358974359,0.546557605266571,0.7536231884057971
3,0.28518881540522617,0.9487179487179487,0.5366747379302979,0.7536231884057971
4,0.14209775473826972,0.9615384615384616,0.6372257471084595,0.7681159420289855
5,0.08472438841166659,0.9764957264957265,0.7295874357223511,0.7971014492753623
6,0.05786691450028338,0.9893162393162394,0.8071864247322083,0.8115942028985508
7,0.04303700177588014,0.9893162393162394,0.8760093450546265,0.8115942028985508
8,0.029533582938532543,0.9957264957264957,0.9082311987876892,0.7971014492753623
