epoch,train_loss,val_loss
1,0.6430734965711766,0.596837043762207
2,0.5058706671196893,0.47610723972320557
3,0.31234771825751456,0.37928158044815063
4,0.16134371501177747,0.38984566926956177
5,0.0950773305056111,0.457010418176651
6,0.05402314214181837,0.538963258266449
7,0.035096496906929196,0.5771033763885498
8,0.034359623586541044,0.6160580515861511
