epoch,train_loss,val_loss
1,0.6428896836276703,0.618046760559082
2,0.4792280860132584,0.49406999349594116
3,0.26281673153842244,0.40190479159355164
4,0.13455424506064367,0.4023769795894623
5,0.07922400442428774,0.42862752079963684
6,0.059008726604749526,0.4489836096763611
7,0.05566500236740895,0.47808849811553955
8,0.049836947612834546,0.472648948431015
