epoch,train_loss,train_accuracy,val_loss,val_accuracy
1,0.7340352207950156,0.6682769726247987,0.6988665461540222,0.7391304347826086
2,0.5941740766815518,0.8502415458937198,0.6044001579284668,0.7681159420289855
3,0.43504764074864594,0.8615136876006442,0.5825217366218567,0.7681159420289855
4,0.363267005569693,0.8679549114331723,0.6273708343505859,0.8115942028985508
5,0.3593850418949281,0.8679549114331723,0.6153140068054199,0.8115942028985508
6,0.3398988579014457,0.8808373590982287,0.6197944283485413,0.8115942028985508
7,0.3277825193896578,0.8856682769726248,0.6128510236740112,0.8115942028985508
8,0.3194921272004476,0.895330112721417,0.5946061015129089,0.8115942028985508
