epoch,train_loss,val_loss
1,0.6360454815545233,0.5807088613510132
2,0.4816797900253831,0.4260459542274475
3,0.275458702809131,0.308906614780426
4,0.13721273627081607,0.295049250125885
5,0.07975767737431494,0.3072022497653961
6,0.052931599184129034,0.31913408637046814
7,0.04570888767094768,0.332532674074173
8,0.03875252212570533,0.3353201448917389
9,0.03249104720502417,0.3376258313655853
