epoch,train_loss,val_loss
1,0.6890455076499754,0.9491196870803833
2,0.6787941180843917,0.7459024786949158
3,0.5735651235575181,0.7796659469604492
4,1.3024196526072673,0.8906242251396179
5,0.7464811276915847,0.7285338044166565
6,0.6979148412908677,0.6876554489135742
7,0.6931049727709351,0.6951804757118225
8,0.6995148481122705,0.7034215927124023
9,0.6973891334554744,0.7023244500160217
10,0.691967695885673,0.696568489074707
11,0.6868730678200459,0.7084989547729492
