epoch,train_loss,val_loss
1,0.6287863384593617,0.5531817674636841
2,0.46649995717135345,0.38383328914642334
3,0.27701427773995835,0.26318466663360596
4,0.14099546779285776,0.25741487741470337
5,0.09683682742443951,0.28071582317352295
6,0.06400944719260389,0.3118075132369995
7,0.052912945198741825,0.33376073837280273
8,0.03469597556712953,0.3631800711154938
9,0.03455399919978597,0.39665666222572327
