epoch,train_loss,train_accuracy,val_loss,val_accuracy
1,0.6751930681019781,0.5668276972624798,0.6635091304779053,0.5942028985507246
2,0.5828140360721643,0.7069243156199678,0.6252132058143616,0.6666666666666666
3,0.5327706674350825,0.7262479871175523,0.6508505940437317,0.6956521739130435
4,0.5193440139581615,0.7471819645732689,0.6397961974143982,0.6666666666666666
5,0.5260030125266304,0.7342995169082126,0.6383994221687317,0.6956521739130435
6,0.5211492467809606,0.748792270531401,0.6386484503746033,0.6811594202898551
7,0.511313027517807,0.7520128824476651,0.666804313659668,0.6811594202898551
