epoch,train_loss,val_loss
1,0.7363486246786256,0.681723415851593
2,0.5928584079043685,0.5289031267166138
3,0.4540797241644007,0.44267943501472473
4,0.3997822551239708,0.4169725179672241
5,0.37952854557505744,0.41345342993736267
6,0.3520429531733195,0.41376379132270813
7,0.3548051280579897,0.4207625389099121
8,0.3438617067348554,0.42878127098083496
9,0.32192411361301193,0.4345633387565613
10,0.3269655850390497,0.43405479192733765
