epoch,train_loss,val_loss
1,0.6589647075596256,0.5991716384887695
2,0.5255661237738942,0.4607958495616913
3,0.39162049019010364,0.39654043316841125
4,0.3306988744656053,0.3962969183921814
5,0.3296146177223339,0.3965776562690735
6,0.3050454430726031,0.39571613073349
7,0.30715768771087104,0.39634135365486145
8,0.29897640121203883,0.4014945924282074
9,0.2878419941174235,0.40318211913108826
10,0.294891638600308,0.4093095064163208
11,0.27407843699969725,0.4063405692577362
