epoch,train_loss,val_loss
1,0.6638454603393693,0.6344270706176758
2,0.545149185269127,0.5100415945053101
3,0.3653995073758639,0.3609805405139923
4,0.18733834374139752,0.28231048583984375
5,0.11228507195864867,0.3109900653362274
6,0.0697906463664042,0.34085679054260254
7,0.04560582571540753,0.3892061114311218
8,0.03806785274954403,0.36608532071113586
9,0.030461005158553836,0.4662579596042633
