epoch,train_loss,val_loss
1,0.6563811703496685,0.604029655456543
2,0.5194705432613954,0.4679718613624573
3,0.3179502082581552,0.32316678762435913
4,0.15170444686286497,0.2730071544647217
5,0.07428350091128555,0.2628996670246124
6,0.04905191920779925,0.27094313502311707
7,0.0384621350320825,0.27173516154289246
8,0.02670049887750849,0.2769325077533722
9,0.022310242810076878,0.2827026844024658
10,0.015568413717721571,0.29234781861305237
