epoch,train_loss,val_loss
1,0.6758048856232646,0.6620702743530273
2,0.5909702374919702,0.785426139831543
3,0.5250976402352747,0.5965819358825684
4,0.4866745964368528,0.5775765776634216
5,0.39782780775756094,0.6021528244018555
6,0.3626956633306219,0.7129470109939575
7,0.35579042178508274,0.7492285370826721
8,0.3374092634244305,0.7362761497497559
9,0.35643494579755974,0.6050189733505249
