epoch,train_loss,train_accuracy,val_loss,val_accuracy
1,0.7520032012520205,0.6409017713365539,0.7206891775131226,0.7536231884057971
2,0.665919061060305,0.7342995169082126,0.6518528461456299,0.7101449275362319
3,0.6325242148889244,0.7294685990338164,0.707342267036438,0.7101449275362319
4,0.6239493735938448,0.7101449275362319,0.6361062526702881,0.7101449275362319
5,0.6028707897989455,0.7359098228663447,0.6652765274047852,0.7246376811594203
6,0.5983894039275374,0.7342995169082126,0.6538658738136292,0.7391304347826086
7,0.5899377526676405,0.750402576489533,0.6437527537345886,0.7101449275362319
8,0.5859817450269217,0.7471819645732689,0.6487361788749695,0.7391304347826086
9,0.5855329038632281,0.7536231884057971,0.6458435654640198,0.7246376811594203
