epoch,train_loss,val_loss
1,0.20534634255412695,0.08457601070404053
2,0.08197782902517949,0.08334536105394363
3,0.07996664594576938,0.08188554644584656
4,0.07698018565749969,0.08023618906736374
5,0.07309910041938465,0.07915875315666199
6,0.10657616132411404,0.08501697331666946
7,0.08158332582161239,0.08297063410282135
8,0.08019842929694196,0.08234824240207672
9,0.07907008116947856,0.0818028673529625
10,0.07797579214144829,0.08130595088005066
