epoch,train_loss,val_loss
1,0.6435604035594057,0.6077783703804016
2,0.4929409101280062,0.48968207836151123
3,0.2742553756747183,0.44545456767082214
4,0.13635499180013957,0.5056804418563843
5,0.07306582401770952,0.5696319937705994
6,0.05679956601534088,0.6428369283676147
7,0.040258315001415114,0.6988848447799683
8,0.035225356591450596,0.7433838844299316
