epoch,train_loss,train_accuracy,val_loss,val_accuracy
1,1.0083560078751808,0.5947712418300654,0.7052598595619202,0.4492753623188406
2,0.682904527078267,0.5490196078431373,0.6887934803962708,0.5507246376811594
3,0.6460234324137369,0.6361655773420479,0.6308406591415405,0.6521739130434783
4,0.5669989900781178,0.7516339869281046,1.0588510036468506,0.4492753623188406
5,0.7818793105144127,0.5577342047930284,0.7479318976402283,0.4492753623188406
6,0.716199188320725,0.477124183006536,0.698535680770874,0.4492753623188406
7,0.7022022889330496,0.49019607843137253,0.719535231590271,0.4492753623188406
8,0.6932298843637271,0.5206971677559913,0.6902728080749512,0.4492753623188406
