epoch,train_loss,val_loss
1,0.8614113811709455,0.764675498008728
2,0.7460697037010378,0.7287250757217407
3,0.7154772323878683,0.6840473413467407
4,0.6689553989304436,0.602923572063446
5,0.6213718356141722,0.586726188659668
6,0.6064322176186935,0.5235748887062073
7,0.7251013358050115,0.7548855543136597
8,0.6615064464713448,0.5913278460502625
9,0.6123984235304373,0.5681400299072266
10,0.6044772930575262,0.5478125810623169
11,0.5953410419481004,0.6193460822105408
