epoch,train_loss,val_loss
1,0.5307540413185402,0.5247534262339274
2,0.4821918038615474,0.4564915477434794
3,0.4558683735088066,0.4530497881571452
4,0.45093405508995055,0.4515868786970774
5,0.4467890976093434,0.44668766808509824
6,0.44284412240099025,0.4378028473059336
7,0.43912408064912867,0.43869034282366437
8,0.4384284093379974,0.43892416008313495
9,0.43809006761621544,0.4435862015883128
10,0.436614520072937,0.4389371958573659
11,0.43614699507642674,0.4461943333148956
