epoch,train_loss,val_loss
1,0.5300772897151257,0.8883686644236247
2,0.461502570242159,0.7406507430076599
3,0.45340042742288544,0.6926823345820109
4,0.44751840342522664,0.7107144185702006
5,0.43902787771480495,0.6995463817914327
6,0.4322514244025034,0.7025701467196147
7,0.4243105855310343,0.7269608372052511
8,0.4187223732836238,0.8171169781684875
