epoch,train_loss,val_loss
1,0.504234545139741,0.9952588197390239
2,0.4705602145348068,0.7474983263015748
3,0.4560361944781947,0.7369929825464885
4,0.4458288077134878,0.7319870991706848
5,0.4331440970359471,0.783288993358612
6,0.4121079469090186,0.6382580200831095
7,0.41745048846796967,0.7571180321375529
8,0.39630410262064,0.6425049176216125
9,0.3858940784932607,0.7015252901713054
10,0.37882085230838863,0.671229926109314
11,0.37902794659547073,0.6903283534049988
