epoch,train_loss,val_loss
1,0.5258531275720977,0.6637119291623433
2,0.4594899066513188,0.9936413315137227
3,0.4408427410913961,0.7206747647921244
4,0.42800733078990383,0.8783035837809244
5,0.42020995516103304,0.8216239887873332
6,0.4139120659650539,0.7315402189890544
