epoch,train_loss,val_loss
1,0.4443787494640738,0.9967396955490112
2,0.4044145050301722,0.7702470138867696
3,0.39297967749634394,0.8292887951533
4,0.38539357438789323,0.8263093215624492
5,0.38057971262135604,0.8536551297505697
6,0.3753901428599852,0.7971472291946411
7,0.3714891894901136,0.9092064898808797
