epoch,train_loss,val_loss
1,0.49512420121728984,0.7800838564236959
2,0.4559363781121992,0.7014887518882752
3,0.4477087435036434,0.8175475474993388
4,0.43460636286615856,0.7901519524256388
5,0.42369686427199454,0.7016518394152323
6,0.4169652623839092,0.9211069561640421
7,0.4072963089191818,0.7127744293212891
