epoch,train_loss,val_loss
1,0.44369510057497596,0.8088874634106954
2,0.4050883617194004,0.8499531971613566
3,0.39283672362594907,0.8364224406878153
4,0.38651864839068134,0.8442848194440206
5,0.38200034005969874,0.8619926637013753
6,0.3742028994630171,0.8710525870323181
