epoch,train_loss,val_loss
1,0.05564711022266635,0.05114940106868744
2,0.05255596927801768,0.050792102466026945
3,0.05217619889201941,0.05430131274461746
4,0.05155486909879579,0.04987424470980962
5,0.05127806916612166,0.04970503204067548
6,0.050846376277782296,0.049958431690931324
7,0.05048966887703649,0.049663451045751573
8,0.050412254365506,0.04982277344663938
9,0.050233310366118396,0.04984021756052971
10,0.050124850968519846,0.0505288493235906
