epoch,train_loss,val_loss
1,0.5509568092364668,0.9049945349693298
2,0.4638044019392102,0.7262989339828492
3,0.44875145422186474,0.7545676220258077
4,0.4447604568544692,0.824509839216868
5,0.43843302703649917,0.721757131099701
6,0.42515888496589377,0.9136906689008077
7,0.41223582185682706,0.769978980700175
8,0.40714361920797343,0.8143486935297648
9,0.3935086655901015,0.8287961378097534
10,0.38604060869813855,0.7701045554478964
