epoch,train_loss,val_loss
1,0.44365925042167254,0.8500977021853129
2,0.4013521595407259,0.842239359219869
3,0.38660156616713104,0.8043284862836202
4,0.38131113450857385,0.8274282635052999
5,0.37752803980722466,0.8253833103179932
6,0.37108299958761853,0.9077661790847779
7,0.36849937642871966,0.8379355268478393
8,0.364000827284974,0.8078349814414978
