epoch,train_loss,train_accuracy,val_loss,val_accuracy
1,0.9296587092081706,0.7353703703703703,0.9101590722401937,0.7496666666666667
2,0.899024362511105,0.7573333333333333,0.9059017505645752,0.7516666666666667
3,0.8872614262545551,0.7494814814814815,0.8932188256581625,0.7696666666666667
4,0.885186126726645,0.7562962962962962,0.8886674944559733,0.7613333333333333
5,0.8807466038597954,0.7528888888888889,0.892855458577474,0.7663333333333333
6,0.8798657359723692,0.7566296296296297,0.8921399329503378,0.7563333333333333
7,0.8772632779721861,0.7582962962962962,0.8973955615361532,0.729
8,0.8748055560323927,0.7522222222222222,0.8929006223678588,0.7636666666666667
9,0.8696300944575557,0.7512222222222222,0.8941094080607096,0.7456666666666667
