epoch,train_loss,val_loss
1,0.5187650291679082,0.7777646743456522
2,0.46505667444092724,0.729682120958964
3,0.4550162982000953,0.8039245902697245
4,0.44276273917105347,0.7712745359738667
5,0.4305554448792955,0.7030586743354797
6,0.42128101882026175,0.8231286835670472
7,0.414884492456824,0.800061098575592
8,0.40211605529138744,0.9709945373535156
9,0.40220165656694334,0.812044703801473
10,0.3819090905261417,0.826905932267507
