epoch,train_loss,train_accuracy,val_loss,val_accuracy
1,0.4382483693581569,0.7685123415610406,0.8579039414723714,0.6426666666666667
2,0.3994475134386955,0.7980876139648655,0.8210883878072103,0.692
3,0.38651829614233524,0.8060558891112594,0.8836860966682434,0.6543333333333333
4,0.38122613264035016,0.808501964272478,0.8714758469263713,0.682
5,0.3741934657909794,0.8132458676154474,0.857028908252716,0.7043333333333334
6,0.37134534127407753,0.814172411237121,0.8808461907704671,0.6596666666666666
7,0.36791353459072274,0.8171373508264769,0.8521376481056213,0.671
