epoch,train_loss,train_accuracy,val_loss,val_accuracy
1,0.5182340844607444,0.713067971240086,0.7270586827596028,0.76
2,0.4519394242147636,0.7620635979541917,0.79507213306427,0.7663333333333333
3,0.4451691283411644,0.7722555777926025,0.8987365132967631,0.548
4,0.4366054684840478,0.7775554073085761,0.81811634572347,0.7346666666666667
5,0.4255988672049844,0.7855978059447039,0.7873481551806132,0.7456666666666667
6,0.41661947880352534,0.7928989696834927,0.7903857394854228,0.727
