epoch,train_loss,train_accuracy,val_loss,val_accuracy
1,0.05263863351389214,0.7217037037037037,0.05001647506157557,0.7636666666666667
2,0.05101776577366723,0.7500370370370371,0.04956129881739616,0.7483333333333333
3,0.050396407771993564,0.7526296296296296,0.04906482885281245,0.739
4,0.05011860187958788,0.7478888888888889,0.04907909042636553,0.768
5,0.04990427820108555,0.7540370370370371,0.04928946419556936,0.766
6,0.049604524729428466,0.7544814814814815,0.04919317562381426,0.7626666666666667
7,0.04972250970204671,0.7599259259259259,0.04899487024545669,0.7643333333333333
8,0.04935655121891587,0.7540370370370371,0.04919204830129941,0.7446666666666667
