epoch,train_loss,val_loss
1,0.463674790903374,0.43497072823842364
2,0.44507619614071314,0.43074993673960366
3,0.44020853598912557,0.42798313411076866
4,0.43758214731569645,0.42680156183242796
5,0.43581274338121767,0.42656902623176574
6,0.43546918992643,0.42948464012146
7,0.4352965990702311,0.429176807641983
8,0.43244793476881804,0.4318435034751892
9,0.43150814663922343,0.42742728734016416
10,0.43136772773883963,0.4274063239892324
