epoch,train_loss,val_loss
1,0.05245938440605446,0.051149672389030454
2,0.05071890100836754,0.05026720271507899
3,0.05022301758770589,0.04988331303993861
4,0.050083956588197635,0.05024208335081736
5,0.050062548766533536,0.049866469730933505
6,0.049734272805628955,0.0499116995036602
7,0.04937714096903801,0.05009929182132085
8,0.04927578704886966,0.05005190152923266
