epoch,train_loss,train_accuracy,val_loss,val_accuracy
1,0.555551239653325,0.68458512830118,1.0596456826527914,0.4136666666666667
2,0.4718246924785622,0.7346319535493538,0.8230669204394022,0.64
3,0.461144928843771,0.7541487169882001,0.5507608321507772,0.747
4,0.44391549074665443,0.7680464506461884,0.8610153851509095,0.6483333333333333
5,0.4338833062562587,0.7762502341262408,0.9188831032117207,0.6146666666666667
6,0.43010686716351937,0.7773740400824124,0.9348800450960795,0.43866666666666665
7,0.4215663992849533,0.783517512642817,0.8805095891952515,0.671
8,0.4091121736548996,0.7913092339389399,1.2049728625615437,0.51
