epoch,train_loss,val_loss
1,0.4495392126195571,0.7935914314587911
2,0.40846825697842765,0.8333674197196961
3,0.3953880168103787,0.7744043304125467
4,0.38809716556455953,0.8453148147265116
5,0.38175046340712293,0.8666467003822327
6,0.3760301765843127,0.8591763100624085
7,0.36956933129186165,0.8589417525927225
8,0.36684301409233006,1.0012223642667135
