epoch,train_loss,val_loss
1,0.5275350679645675,0.8559104962348938
2,0.46595824390720925,0.7072898704210917
3,0.4590887907439029,0.791993870417277
4,0.4436078954994821,0.8330985992749532
5,0.4350502937676514,0.8309069431622823
6,0.42666765016132435,0.8055189385414123
7,0.42066493125405685,0.7387037294705708
