epoch,train_loss,train_accuracy,val_loss,val_accuracy
1,0.46579660468631323,0.8084444444444444,0.4386225829919179,0.818
2,0.44408466587243256,0.8173703703703704,0.43608454036712646,0.8183333333333334
3,0.4399920037234271,0.8183703703703704,0.43456053535143535,0.817
4,0.437534087340037,0.8194814814814815,0.4330032481352488,0.8176666666666667
5,0.4367436124218835,0.8195925925925925,0.4343689936796824,0.8193333333333334
6,0.4346882072554694,0.8206666666666667,0.43600558614730833,0.8163333333333334
7,0.43330454013082714,0.8206666666666667,0.43502756563822426,0.8196666666666667
8,0.4322575535421018,0.8214814814814815,0.43706759564081826,0.819
9,0.43224801037046645,0.819925925925926,0.43465921036402383,0.8166666666666667
