epoch,train_loss,val_loss
1,0.5593312316134497,0.7473181878725688
2,0.46630552561470345,0.6982936698595683
3,0.4477715529890764,0.7694678773880005
4,0.4365285560777914,0.9752263228098551
5,0.424691735140848,0.7929864250818889
6,0.41647909761863383,0.8207377626101175
7,0.40743733932274995,0.9300564966201782
