epoch,train_loss,val_loss
1,0.4966764168459744,0.7570683816274008
2,0.4599034601207754,0.8564706486066183
3,0.4505361338754159,0.8466892746289572
4,0.44216520746418964,0.7803918215433756
5,0.4364588829262592,0.8568423860867819
6,0.4232493640211128,0.7060810414950053
7,0.41504305355361915,0.8114552149772644
8,0.4028275149256012,0.830482884089152
9,0.4057726456490122,0.7592146504720052
10,0.389223132548281,0.7467634526888529
11,0.3681712545930672,0.7535082669258117
