epoch,train_loss,train_accuracy,val_loss,val_accuracy
1,0.052546133180459344,0.7227777777777777,0.05097254913051923,0.7766666666666666
2,0.050801209454183226,0.7452222222222222,0.05013440542419752,0.7623333333333333
3,0.05042385920882225,0.7495925925925926,0.04969058152039846,0.758
4,0.04987596641867249,0.7463333333333333,0.049746907730897266,0.7816666666666666
5,0.04991016350410603,0.7551481481481481,0.050087915321191154,0.7756666666666666
6,0.04960063745909267,0.7547037037037037,0.05006457108259201,0.7903333333333333
7,0.04949174375335375,0.7582592592592593,0.0498652434249719,0.7636666666666667
8,0.04918484578309236,0.7468148148148148,0.04999863842129707,0.7646666666666667
