epoch,train_loss,val_loss
1,0.4469326168903303,0.8301344151496888
2,0.4020363366973713,0.9016335824330648
3,0.3903698871947985,0.8378165054321289
4,0.38300454529415734,0.8253188362121582
5,0.3752935477721378,0.9340528291066488
6,0.3675649741704538,0.9426834239959717
7,0.3651890869748052,0.9543951104482015
8,0.36121648206844537,0.9053335962295532
9,0.35288894092908624,0.8983463571866354
