epoch,train_loss,val_loss
1,0.44535583946447865,0.831094833056132
2,0.40806452145538036,0.8305813277562459
3,0.39580233387535596,0.8102138571739197
4,0.38894856250189996,0.7650320485432943
5,0.3850832770532122,0.8354985151290893
6,0.37977512771245364,0.764531056245168
7,0.37420506232103046,0.8675645429293315
8,0.3712251837590304,0.8425639481544495
9,0.3667283444377549,0.808620698928833
10,0.36556400691939667,0.8472741365432739
11,0.36165747663162473,0.8950612001419067
