epoch,train_loss,val_loss
1,0.05240511209434933,0.051069223711888
2,0.05098622102759503,0.05066070198019346
3,0.05044075052274598,0.04962865831454595
4,0.05017928941934197,0.04954489874839783
5,0.04970280488332113,0.04992757226030032
6,0.049709485658892875,0.04941364816824595
7,0.04950726129500954,0.0499134501516819
8,0.04940607738715631,0.049693655103445054
9,0.04917571263622354,0.05021937961379687
10,0.04911714034720704,0.04952809638778369
11,0.04905833042219833,0.0493922493159771
