epoch,train_loss,val_loss
1,0.4405721752892319,0.8814730898539225
2,0.40214565745072545,0.8170122868220011
3,0.38923900137793416,0.9163733755747477
4,0.3815338540309421,0.9039808158874512
5,0.37520907722367486,0.9905081523259481
6,0.37190400384342787,0.803841690381368
7,0.3673138699653913,0.9691818183263143
8,0.3617748172458671,0.8610084578196208
9,0.3558578715685669,0.8738462003072103
10,0.3528870784090931,0.9046262470881145
11,0.34788959538039027,0.9157952337265015
