epoch,train_loss,val_loss
1,0.49369974360203067,0.7847717615763347
2,0.4529597795844611,0.7702355516751608
3,0.4429822415779671,0.8244355699221293
4,0.42986755748619443,0.757740549882253
5,0.41838986880733076,1.0231355555852255
6,0.40884462487502177,0.6574350895881653
7,0.4179938157517935,0.7242134396235148
8,0.4034069158991829,0.7841884196599325
9,0.3916450900665516,0.8271465117136637
10,0.3762779406747946,0.685842178662618
11,0.39543005089468464,0.8021012008984884
