epoch,train_loss,val_loss
1,0.4384038486796946,0.804270938873291
2,0.3994066591234392,0.8323937511444092
3,0.38908193666604524,0.8033091697692871
4,0.38250379770239135,0.8317817220687866
5,0.3768398324263611,0.8654958267211914
6,0.3715450353753904,0.809541919708252
7,0.3658285381985848,0.8786085103352864
8,0.36274559641737164,0.873579964319865
