epoch,train_loss,val_loss
1,0.525441085381034,0.5442003200848897
2,0.46334019006040983,1.1838035526275634
3,0.45508809626516844,0.7511777701377869
4,0.44366410774524606,0.7530196625391642
5,0.430229918021236,0.8348098354339599
6,0.4235923715310012,0.7525166039466857
