epoch,train_loss,val_loss
1,0.6115985307080527,0.7161942834854126
2,0.46889835696641846,0.7998155468304952
3,0.4540135203884338,0.8365453637440999
4,0.4479985906583724,0.8099900166193644
5,0.4382919274842287,0.7757632555961609
6,0.42975822640163003,0.6088533318837483
7,0.42088072304050755,0.8459088331858317
8,0.4139862965295193,0.6546608948707581
9,0.40817500282024477,0.7492153776486715
10,0.40310883995453684,0.7675211599667867
11,0.39569461924989174,0.7887607289950053
