epoch,train_loss,val_loss
1,0.05246477286020915,0.04988159421086311
2,0.05107360339937387,0.04951118141412735
3,0.050439372973309624,0.049032671183347705
4,0.05008272238682818,0.049216011464595796
5,0.04977646382539361,0.048686487664779024
6,0.049676635255416234,0.0492389355301857
7,0.0495769943760501,0.04904064553976059
8,0.0494238179690308,0.049088890582323075
9,0.04914149783165367,0.049026139597098034
10,0.04919259866961726,0.04934410591920217
