epoch,train_loss,val_loss
1,0.49615379028375056,0.8835114946365357
2,0.4513609265900073,0.805965626557668
3,0.44474695282454,0.8408328561782837
4,0.43454433010990734,0.6939328099886576
5,0.42676431050203634,0.7333445309003194
6,0.4115553951061272,0.7060871911048889
7,0.3931354459920505,0.7351687248547872
8,0.3989423574953701,0.7109011939366658
9,0.3874291972923665,0.7126335268020629
