epoch,train_loss,train_accuracy,val_loss,val_accuracy
1,0.5063902903738138,0.7226029948595694,0.6478989268938701,0.7913333333333333
2,0.45549319298960256,0.7582135141175594,0.672616180896759,0.7636666666666667
3,0.48596359130070316,0.7381360351635253,0.8798904012044271,0.5836666666666667
4,0.4490115863595005,0.7666691499664755,0.8228969532648722,0.7066666666666667
5,0.43628816749196486,0.7794084779855472,0.7636316062609355,0.6996666666666667
6,0.4246241379817037,0.7827609327274082,0.8796551556587219,0.6146666666666667
