epoch,train_loss,train_accuracy,val_loss,val_accuracy
1,0.8365475352848576,0.6045272969374168,0.7654821872711182,0.3
2,0.6627020447771654,0.6178428761651131,0.8780273199081421,0.3
3,0.6604566523301776,0.6205059920106525,0.93569415807724,0.3
4,0.6645703873685134,0.6231691078561917,0.7879141569137573,0.3
5,0.6607052957646539,0.6231691078561917,0.8100904822349548,0.3
6,0.6575015658703689,0.6231691078561917,0.822059154510498,0.3
