epoch,train_loss,val_loss
1,0.07350638250509899,0.07323279976844788
2,0.07281000114149518,0.0737687200307846
3,0.07289784585436185,0.07258809357881546
4,0.07275809708568785,0.07209482043981552
5,0.07269484142462412,0.071701280772686
6,0.07259365697701772,0.07209686189889908
7,0.07263404791553815,0.07175406068563461
8,0.07242636226945454,0.07209175080060959
9,0.072429707745711,0.07181143015623093
10,0.072375119096703,0.07215698808431625
