epoch,train_loss,val_loss
1,0.07305717292759153,0.07279055565595627
2,0.07265796591838201,0.07280747592449188
3,0.07264865279197692,0.07293803244829178
4,0.07256968220074972,0.0737127736210823
5,0.07258706079588996,0.0735568031668663
6,0.07252886341677772,0.07394029200077057
