epoch,train_loss,val_loss
1,0.6018317107121366,0.7693015336990356
2,0.45714690103842714,0.7281858921051025
3,0.3309612186468265,0.7476164102554321
4,0.2690362188081975,0.8235527873039246
5,0.23299713140449993,0.8856396079063416
6,0.2099541557663468,0.9160271883010864
7,0.18676948510820923,0.9938876032829285
