epoch,train_loss,train_accuracy,val_loss,val_accuracy
1,0.07289814862940047,0.6022222222222222,0.0745614618062973,0.32
2,0.07281490610705482,0.5655555555555556,0.07327669113874435,0.59
3,0.07236024743980832,0.57,0.08312960714101791,0.53
4,0.07300160007344351,0.6444444444444445,0.07404359430074692,0.43
5,0.07214931436710888,0.5333333333333333,0.08105042576789856,0.38
6,0.07292691323492262,0.6322222222222222,0.07431785762310028,0.29
7,0.07235453555981318,0.4211111111111111,0.07394250482320786,0.62
