epoch,train_loss,train_accuracy,val_loss,val_accuracy
1,1.0464545697636074,0.3011111111111111,0.9697489738464355,0.58
2,0.9683312198850844,0.5366666666666666,0.965624988079071,0.56
3,0.9663344234890408,0.5644444444444444,0.96099454164505,0.53
4,0.9655371952056885,0.5311111111111111,0.9703541994094849,0.47
5,0.9649933587180244,0.5277777777777778,0.9670793414115906,0.54
6,0.96327225473192,0.5311111111111111,0.9630662202835083,0.53
7,0.9616924413045247,0.5144444444444445,0.978513240814209,0.48
8,0.9625649913152059,0.4677777777777778,0.9615911841392517,0.5
