epoch,train_loss,train_accuracy,val_loss,val_accuracy
1,0.7248374944263034,0.6622222222222223,0.611594021320343,0.7
2,0.6133493223455218,0.7,0.6317892074584961,0.7
3,0.6164897161059909,0.7,0.6177528500556946,0.7
4,0.6135942512088352,0.7,0.6125919222831726,0.7
5,0.6164655494689941,0.7,0.6121721267700195,0.7
6,0.6168665848837959,0.7,0.6346752643585205,0.7
