epoch,train_loss,val_loss
1,0.8500523614234665,0.8776340484619141
2,0.6641789163861956,0.8595783710479736
3,0.66249600154202,0.795914888381958
4,0.6621496048103385,0.8475422263145447
5,0.6567097207315925,0.7911391854286194
6,0.6506195007538309,0.7319355607032776
7,0.6220307233382244,0.9648910164833069
8,0.6164015964585907,0.8359586000442505
9,0.610979055466295,0.8576627969741821
10,0.611704974028529,0.8235850930213928
11,0.6127191710634297,0.8424971699714661
