epoch,train_loss,train_accuracy,val_loss,val_accuracy
1,0.6707599544810868,0.6245006657789614,0.8566297888755798,0.3
2,0.6630865102125388,0.6245006657789614,0.7968074083328247,0.3
3,0.660152595544782,0.6245006657789614,0.839029848575592,0.3
4,0.654633647830445,0.6245006657789614,0.8433264493942261,0.3
5,0.6294716534697105,0.6511318242343542,0.9001116156578064,0.37
6,0.5892664132200767,0.6870838881491345,0.946990966796875,0.36
7,0.5682880956228182,0.6884154460719041,0.8316086530685425,0.46
