epoch,train_loss,val_loss
1,1.0249296148618063,0.9698563814163208
2,0.9802178827921549,0.9769800901412964
3,0.9748514461517334,1.0073264837265015
4,0.98355507267846,0.9911350011825562
5,0.9759196032418145,0.9782326817512512
6,0.9759218200047811,0.9737005233764648
