epoch,train_loss,val_loss
1,0.6777747639481952,0.7907353043556213
2,0.6672653945814689,0.7620853781700134
3,0.654350729321708,0.8400547504425049
4,0.6340329833380249,0.8113341927528381
5,0.6105600324244255,0.7969773411750793
6,0.6099757004740493,0.7759942412376404
7,0.6043192129247251,0.8044427037239075
