epoch,train_loss,train_accuracy,val_loss,val_accuracy
1,0.6203339691565294,0.6657789613848203,0.7575667500495911,0.48
2,0.4460701393620787,0.8322237017310253,0.803962230682373,0.53
3,0.3132240639704363,0.8894806924101198,0.8718900084495544,0.6
4,0.250655040095316,0.9041278295605859,1.0398250818252563,0.58
5,0.21324177449457496,0.9214380825565912,1.060110330581665,0.59
6,0.19578343967146944,0.9254327563249002,1.1501415967941284,0.58
