epoch,train_loss,val_loss
1,0.6762442064809275,0.8554105758666992
2,0.6595139536228809,0.8215258717536926
3,0.6572581968464695,0.881603479385376
4,0.6608890242628999,0.7715350389480591
5,0.6122318931988308,0.8384338021278381
6,0.5860653237982111,0.8560933470726013
7,0.5645930190662761,0.8972378969192505
8,0.5561814819063459,0.8373215198516846
9,0.5410252521326254,0.8957636952400208
