epoch,train_loss,train_accuracy,val_loss,val_accuracy
1,0.07272000743283166,0.49333333333333335,0.07229750603437424,0.7
2,0.07285942130618625,0.5466666666666666,0.0722646415233612,0.69
3,0.07265121512942845,0.5288888888888889,0.0720919668674469,0.64
4,0.07262007812658945,0.5444444444444444,0.07229135185480118,0.7
5,0.07266734328534868,0.43444444444444447,0.07224954664707184,0.41
6,0.07266184601518844,0.5688888888888889,0.07240069657564163,0.7
7,0.07258163928985596,0.5711111111111111,0.07245159149169922,0.61
8,0.07258398718304104,0.5577777777777778,0.0723286047577858,0.7
