epoch,train_loss,train_accuracy,val_loss,val_accuracy
1,0.06969925267828836,0.5922222222222222,0.0622248500585556,0.75
2,0.06206268974476391,0.6911111111111111,0.057538554072380066,0.74
3,0.05831898755497403,0.7322222222222222,0.05587055906653404,0.74
4,0.05527808785438538,0.7433333333333333,0.05823507159948349,0.74
5,0.0545285846789678,0.7444444444444445,0.0572221465408802,0.72
6,0.05378129929304123,0.74,0.059046752750873566,0.73
7,0.054965130154871276,0.7411111111111112,0.05751093849539757,0.74
8,0.05140197326739629,0.7633333333333333,0.0582185722887516,0.72
