epoch,train_loss,val_loss
1,0.07098000691996681,0.06430577486753464
2,0.062006136940585245,0.05961091071367264
3,0.05927652855714162,0.05891244858503342
4,0.056908879197306105,0.05797911435365677
5,0.05472363481918971,0.059400737285614014
6,0.05538003835413191,0.06044239550828934
7,0.05434508115053177,0.059990014880895615
8,0.05254129651519987,0.061915501952171326
9,0.05071340256267124,0.06357043236494064
