epoch,train_loss,val_loss
1,0.9388870970408122,0.8993615508079529
2,0.8577462418874104,0.839796781539917
3,0.7807703982459174,0.8351278305053711
4,0.7506246096558041,0.8498862385749817
5,0.7306978268093532,0.8566383123397827
6,0.7051037836074829,0.8888199329376221
7,0.6976838858922323,0.8810540437698364
8,0.7079193112585279,0.8777608871459961
