epoch,train_loss,val_loss
1,0.6424259890450371,0.6065596342086792
2,0.6168805143568251,0.608301043510437
3,0.6130334905783336,0.6097963452339172
4,0.6199952043427361,0.6085019707679749
5,0.6113481505711873,0.6056739091873169
6,0.6097437270482381,0.608233630657196
7,0.6126333473788368,0.6059688925743103
8,0.6100060364935134,0.6064925789833069
9,0.6094837692048815,0.6082120537757874
10,0.609385967122184,0.6111802458763123
