epoch,train_loss,val_loss
1,0.6252517461776733,0.5684947967529297
2,0.5491511106491089,0.53986656665802
3,0.49668930715984766,0.5333232879638672
4,0.46962581475575765,0.547548770904541
5,0.459641934633255,0.545905351638794
6,0.4545147821638319,0.5543397665023804
7,0.45256140801641676,0.5459651350975037
8,0.45298149983088176,0.5512610673904419
