epoch,train_loss,train_accuracy,val_loss,val_accuracy
1,0.6290155811974538,0.7211948790896159,0.6837479472160339,0.57
2,0.47108333590698787,0.8364153627311522,0.6624220013618469,0.64
3,0.32376565524558426,0.8847795163584637,0.7293121218681335,0.67
4,0.2559215858430306,0.8890469416785206,0.8214071393013,0.65
5,0.22596470822989517,0.9217638691322901,0.882756233215332,0.65
6,0.2073038674011339,0.918918918918919,0.9089138507843018,0.67
7,0.19065850212173815,0.930298719772404,0.963729202747345,0.66
