epoch,train_loss,val_loss
1,0.07358749899599287,0.07355034351348877
2,0.07300018959575229,0.07242484390735626
3,0.07271377199225955,0.07241513580083847
4,0.07254251665539212,0.07146555185317993
5,0.07303836193349626,0.07316596060991287
6,0.0737171565492948,0.073339082300663
7,0.07269526729981104,0.07300987094640732
8,0.07241962090134621,0.07333490997552872
9,0.07243185995353593,0.07286809384822845
