epoch,train_loss,val_loss
1,0.06975025693575541,0.06213214248418808
2,0.06109072417020798,0.0602431558072567
3,0.05853228307432599,0.05874437838792801
4,0.05691809248593119,0.06066881865262985
5,0.056079996128877006,0.058572977781295776
6,0.05600120921929677,0.06055784225463867
7,0.05404963402284516,0.06076114997267723
8,0.05470007666283184,0.059954699128866196
9,0.051325131704409915,0.061182983219623566
10,0.05242545298404164,0.05921626836061478
