epoch,train_loss,val_loss
1,0.0730255401134491,0.07319049537181854
2,0.07313962797323863,0.07291866093873978
3,0.07254053407245212,0.07307802140712738
4,0.07270005991061529,0.0729014128446579
5,0.07255752477380964,0.07296122610569
6,0.07256371875603994,0.07284650206565857
7,0.07246595839659373,0.07299648970365524
