epoch,train_loss,train_accuracy,val_loss,val_accuracy
1,0.08921083476808336,0.6488888888888888,0.07262701541185379,0.31
2,0.07272889739937252,0.4633333333333333,0.07243387401103973,0.31
3,0.07265181213617325,0.43,0.07249335944652557,0.69
4,0.07256948242584864,0.6111111111111112,0.07249469310045242,0.7
5,0.07254679004351298,0.6155555555555555,0.0725531354546547,0.56
6,0.07235863836275207,0.5322222222222223,0.07250131666660309,0.62
7,0.07213362051381005,0.5911111111111111,0.07327094674110413,0.54
