epoch,train_loss,val_loss
1,0.07396442585521275,0.07288020849227905
2,0.07290863441096412,0.07302641123533249
3,0.07286092572742038,0.07245338708162308
4,0.07280545814169778,0.07221698015928268
5,0.07262582424614164,0.07068080455064774
6,0.0724932369755374,0.07118865102529526
7,0.07225040164258745,0.08049094676971436
8,0.07388318532043033,0.07272127270698547
9,0.072746588687102,0.07243771106004715
10,0.07271144638458887,0.07202782481908798
