epoch,train_loss,val_loss
1,0.6700046344679229,0.8334043025970459
2,0.6612054741301504,0.8079016208648682
3,0.6576773001223194,0.8316766023635864
4,0.6353316875542102,0.819721519947052
5,0.6171328490283213,0.907975435256958
6,0.5973800754060551,0.754737377166748
7,0.5962326971041102,0.8376197814941406
8,0.6039242533599438,0.8067107796669006
9,0.5894954086971932,0.8866836428642273
10,0.5758960135534507,0.805669367313385
11,0.5446521892028601,0.8830812573432922
