epoch,train_loss,val_loss
1,0.6183873195569594,0.7782506942749023
2,0.46146285501155226,0.7753593325614929
3,0.3023262123812686,0.8107993602752686
4,0.22122189893827335,0.9259876608848572
5,0.183041339801563,0.9003863334655762
6,0.1647510289490878,0.9675658345222473
7,0.15013339526050692,0.974274754524231
