epoch,train_loss,val_loss
1,0.6485251577840112,0.7257393002510071
2,0.49687828234335485,0.7336694002151489
3,0.3503587651804487,0.7306861877441406
4,0.26677663563678844,0.7230666875839233
5,0.23142065665832243,0.7776121497154236
6,0.21312451575782154,0.7672510147094727
7,0.1801202621514717,0.8380758762359619
8,0.17834068372647108,0.8290702700614929
9,0.16667602120325242,0.879370927810669
