epoch,train_loss,val_loss
1,0.07352553264962303,0.07287409901618958
2,0.07284893191523022,0.07250645011663437
3,0.07277722519305017,0.07240743190050125
4,0.07274450815386242,0.0716109424829483
5,0.07313748863008288,0.07251262664794922
6,0.07250942760043674,0.07268305867910385
7,0.07250775552458233,0.07238283008337021
8,0.07218101508087582,0.08933664858341217
9,0.07306725856330659,0.07182220369577408
