epoch,train_loss,train_accuracy,val_loss,val_accuracy
1,0.6889328406407282,0.625,0.7547479271888733,0.3
2,0.6611694169568492,0.625,2.3879973888397217,0.3
3,0.6959791740218362,0.603021978021978,0.8950655460357666,0.3
4,0.6156351490990146,0.6634615384615384,1.0487091541290283,0.44
5,0.6325810735042279,0.6689560439560439,0.8048937916755676,0.52
6,0.5856625120063405,0.728021978021978,0.990478515625,0.52
