epoch,train_loss,train_accuracy,val_loss,val_accuracy
1,0.6426081284482211,0.6296791443850267,0.7533815503120422,0.37
2,0.5021934098100918,0.7606951871657754,0.7354331612586975,0.55
3,0.3537960387168721,0.8542780748663101,0.6991022825241089,0.65
4,0.28623824841517176,0.8770053475935828,0.8671275973320007,0.64
5,0.24444147099785626,0.8983957219251337,0.8282862901687622,0.65
6,0.22869580227104738,0.9037433155080213,0.9376464486122131,0.66
7,0.21041691733554085,0.9077540106951871,0.950923502445221,0.66
8,0.19029476138997206,0.9224598930481284,0.991669774055481,0.65
