epoch,train_loss,val_loss
1,0.9725431927045186,0.9717621207237244
2,0.9707437059614393,0.9732029438018799
3,0.969959790441725,0.9738425016403198
4,0.968710183567471,0.9759716391563416
5,0.9667175123426649,0.9779358506202698
6,0.9645074250962999,0.9803639054298401
