epoch,train_loss,val_loss
1,0.9835048898061116,0.9704262614250183
2,0.9688853285047743,0.9705846905708313
3,0.9678692950142754,0.9705262780189514
4,0.9688377115461562,0.9713595509529114
5,0.9670814402898152,0.969887375831604
6,0.9626328298780653,0.9712764024734497
7,0.9638202863269382,0.9742820262908936
8,0.9633882008658515,1.044641375541687
9,0.9660478814442952,0.980029284954071
10,0.9603128984239366,0.9784127473831177
