epoch,train_loss,val_loss
1,0.9357222710715399,0.8727433085441589
2,0.8435521703296237,0.7887524366378784
3,0.7678323777516683,0.7291825413703918
4,0.7453313620885214,0.7174960374832153
5,0.7457454882727729,0.708893895149231
6,0.7225600322087605,0.6959951519966125
7,0.7118068782488505,0.7028827667236328
8,0.6978306261698405,0.6987046599388123
9,0.6843579422103034,0.6959959864616394
10,0.6590209007263184,0.7006700038909912
11,0.6583200677235921,0.7105404734611511
