epoch,train_loss,train_accuracy,val_loss,val_accuracy
1,0.07339641335937712,0.5333333333333333,0.07235783338546753,0.66
2,0.07276813122961256,0.4955555555555556,0.07271797955036163,0.67
3,0.07241015959117147,0.5933333333333334,0.07870666682720184,0.52
4,0.07306626045041614,0.5611111111111111,0.07356871664524078,0.34
5,0.07228866202963723,0.5322222222222223,0.07417760044336319,0.48
6,0.0717081242137485,0.5844444444444444,0.07652309536933899,0.39
