epoch,train_loss,train_accuracy,val_loss,val_accuracy
1,0.6450683578483415,0.6553133514986376,0.7347440123558044,0.47
2,0.49922964569658285,0.7915531335149864,0.7202728986740112,0.59
3,0.35332628922176623,0.8705722070844687,0.7201050519943237,0.65
4,0.2710836249167653,0.8991825613079019,0.790232241153717,0.66
5,0.23542135665624603,0.9073569482288828,0.8567829728126526,0.65
6,0.21365400214935842,0.9237057220708447,0.806361973285675,0.67
7,0.20452972653776164,0.9277929155313351,0.9593793153762817,0.64
8,0.1807046904550911,0.9305177111716622,0.9840438365936279,0.64
