epoch,train_loss,val_loss
1,0.9413353983561198,0.8789851665496826
2,0.8410470628738403,0.7903714776039124
3,0.7794730875227186,0.7697393894195557
4,0.7276670206917657,0.7673405408859253
5,0.7106513118743897,0.7528897523880005
6,0.7086311521795061,0.765863299369812
7,0.6908769549926123,0.788581371307373
8,0.6994725743929545,0.7879247665405273
9,0.6968681301010979,0.815191924571991
10,0.6736112714476056,0.8028140068054199
