epoch,train_loss,train_accuracy,val_loss,val_accuracy
1,1.0184048085742528,0.5355555555555556,0.9687950015068054,0.3
2,0.9720599826176961,0.38666666666666666,0.9660121202468872,0.7
3,0.9694038878546821,0.4688888888888889,0.9689991474151611,0.4
4,0.9710876475440131,0.51,0.960340678691864,0.66
5,0.9666637375619677,0.5277777777777778,1.102821946144104,0.42
6,0.9968342248598735,0.5966666666666667,0.9633482098579407,0.62
7,0.9760115578439501,0.5477777777777778,0.9664282202720642,0.59
8,0.9729794931411743,0.51,0.9707719087600708,0.69
9,0.9713255235883924,0.6177777777777778,0.9697364568710327,0.49
