epoch,train_loss,val_loss
1,0.8025144354544859,0.8079548478126526
2,0.660830361957856,0.9044369459152222
3,0.6614456916237897,0.847290575504303
4,0.6658144583676588,0.8439044952392578
5,0.6631988302909116,0.7992408871650696
6,0.6671234933450261,0.8147093653678894
7,0.6641973636367104,0.8181907534599304
8,0.6629611240988746,0.8265109062194824
9,0.6633250372295074,0.8495686650276184
10,0.6619167844241953,0.8112749457359314
