epoch,train_loss,train_accuracy,val_loss,val_accuracy
1,0.6751674032478814,0.6269284712482468,0.837819516658783,0.3
2,0.6581484356066957,0.6241234221598878,0.8282802104949951,0.3
3,0.6504310602727144,0.6255259467040674,0.8268677592277527,0.3
4,0.610178912254403,0.699859747545582,0.7052503824234009,0.47
5,0.6193305766432015,0.7433380084151473,0.8389419317245483,0.44
6,0.5851332051222321,0.7110799438990182,0.7801927924156189,0.5
7,0.5706484051105184,0.729312762973352,0.8309677839279175,0.47
8,0.5840846595222452,0.7377279102384292,0.8130493760108948,0.5
9,0.5479336588697046,0.7503506311360448,0.8481405973434448,0.5
