epoch,train_loss,val_loss
1,0.6811451626197034,1.033387541770935
2,0.7559274942912214,0.7501004338264465
3,0.6265424517106535,0.7409024834632874
4,0.6673229063727268,0.7086549401283264
5,0.682467681669748,0.819648265838623
6,0.6816642666778727,0.8023894429206848
7,0.6798764362104587,0.7916241884231567
8,0.6772572200634063,0.8063695430755615
9,0.6777129718453583,0.7427695989608765
