epoch,train_loss,val_loss
1,0.628547862370809,0.5558553338050842
2,0.5511821574634976,0.5153699517250061
3,0.5073998673756918,0.4847196042537689
4,0.48447620762719046,0.4773942530155182
5,0.46883243322372437,0.46733272075653076
6,0.4561829978889889,0.46570250391960144
7,0.4580616052945455,0.47703173756599426
8,0.44922970838016935,0.47292742133140564
9,0.44502139727274576,0.47722136974334717
10,0.43768920408354867,0.4684503972530365
11,0.4305396763483683,0.46808138489723206
