epoch,train_loss,train_accuracy,val_loss,val_accuracy
1,0.07383692575825586,0.5655555555555556,0.07283388823270798,0.64
2,0.07278052419424057,0.5633333333333334,0.07283055782318115,0.6
3,0.07254704074727164,0.5344444444444445,0.07291057705879211,0.44
4,0.07246639402376281,0.4711111111111111,0.07428339123725891,0.53
5,0.07251676281293233,0.6211111111111111,0.07828979939222336,0.52
6,0.07231842590702904,0.6011111111111112,0.07310973107814789,0.63
