epoch,train_loss,val_loss
1,0.06886315104034212,0.06212330609560013
2,0.062000000046359166,0.05974327772855759
3,0.05853945927487479,0.06023884564638138
4,0.056673747739858095,0.06127187982201576
5,0.055066521830028956,0.06334607303142548
6,0.054025423609548144,0.062305010855197906
7,0.051901389029290944,0.06384467333555222
