epoch,train_loss,val_loss
1,0.0731312585208151,0.07308518886566162
2,0.07307900269826254,0.0725049376487732
3,0.07283298793766234,0.07230134308338165
4,0.07286510838402642,0.07218990474939346
5,0.07277564855085479,0.07205748558044434
6,0.07374708208772872,0.0721525102853775
7,0.07285472008917067,0.07236658036708832
8,0.07275446342097389,0.07255808264017105
9,0.07285911944177416,0.07251162827014923
10,0.07288970708847047,0.07249011099338531
