epoch,train_loss,val_loss
1,0.6720134925077306,0.8754037022590637
2,0.663168631772944,0.7794028520584106
3,0.6612508819702475,0.8087276816368103
4,0.6383032617084483,0.8958953619003296
5,0.5977899371621443,0.7973055839538574
6,0.5929826542655414,0.8852218985557556
7,0.5886713075127831,0.8326154947280884
