epoch,train_loss,train_accuracy,val_loss,val_accuracy
1,0.07329981346925099,0.3977777777777778,0.07308847457170486,0.4
2,0.07291082008017434,0.6422222222222222,0.07298606634140015,0.66
3,0.07268995987044441,0.44222222222222224,0.07299651205539703,0.3
4,0.07291576895448897,0.4033333333333333,0.07312960177659988,0.61
5,0.07260093712144428,0.5422222222222223,0.07331006228923798,0.61
6,0.0726664934390121,0.6277777777777778,0.07302571833133698,0.63
7,0.07270974450641209,0.6433333333333333,0.07332254201173782,0.61
