epoch,train_loss,train_accuracy,val_loss,val_accuracy
1,0.6097952873176998,0.7022222222222222,0.5794724822044373,0.7
2,0.5382747827635871,0.7188888888888889,0.53798508644104,0.74
3,0.49571934541066487,0.7633333333333333,0.5285033583641052,0.74
4,0.4624145659473207,0.78,0.5320898294448853,0.74
5,0.4683017364475462,0.7711111111111111,0.533365786075592,0.74
6,0.45393156111240385,0.7844444444444445,0.5377500653266907,0.75
7,0.4544581438435449,0.79,0.5366030931472778,0.77
8,0.4293916345967187,0.7944444444444444,0.5509831309318542,0.75
