epoch,train_loss,val_loss
1,0.6321618498696221,0.6117796301841736
2,0.6140236920780606,0.6135478615760803
3,0.614127352502611,0.6145179867744446
4,0.6133020875189039,0.6125692129135132
5,0.6123108022742801,0.6143664121627808
6,0.6104512649112278,0.6141573786735535
