epoch,train_loss,train_accuracy,val_loss,val_accuracy
1,0.6455487192893515,0.7020408163265306,0.6831769347190857,0.53
2,0.4709370250199117,0.8380952380952381,0.6542437672615051,0.65
3,0.31886124882568306,0.8680272108843538,0.6773815155029297,0.69
4,0.2508768307919405,0.9020408163265307,0.7516070604324341,0.69
5,0.23461558464027588,0.9047619047619048,0.7995107769966125,0.69
6,0.201172914472567,0.9156462585034013,0.8759055733680725,0.68
7,0.18318175610636367,0.9292517006802721,0.8803643584251404,0.69
