epoch,train_loss,val_loss
1,0.6205603486961788,0.5905607342720032
2,0.5531554644637637,0.5415114164352417
3,0.5068843878640069,0.5218774080276489
4,0.48015564388699,0.5195741057395935
5,0.46478436655468414,0.5321794152259827
6,0.4562241228421529,0.5421358942985535
7,0.4492420972718133,0.5498666763305664
8,0.44594414552052813,0.5533221960067749
9,0.44006235308117336,0.558809220790863
