epoch,train_loss,val_loss
1,0.6264273321628571,0.5709183216094971
2,0.5531229360898335,0.510250449180603
3,0.5061950165695615,0.4790796637535095
4,0.4813142999013265,0.4649282991886139
5,0.4688398822148641,0.4614047408103943
6,0.4649941681491004,0.46261027455329895
7,0.45255729489856295,0.4724857211112976
8,0.4512679984834459,0.47087469696998596
9,0.45078836308585274,0.4696066677570343
10,0.42680450134807163,0.47201964259147644
