epoch,train_loss,val_loss
1,0.07320754408836365,0.07275620847940445
2,0.07286348442236583,0.07271888107061386
3,0.07288170041309462,0.0727003961801529
4,0.07250574423207178,0.0728849470615387
5,0.07266490744219886,0.07267384231090546
6,0.07272949890957939,0.07266394048929214
