epoch,train_loss,val_loss
1,0.9276356032159594,0.8941207528114319
2,0.8324750084347196,0.8232307434082031
3,0.7722308958901299,0.8205645084381104
4,0.7197735607624054,0.8515922427177429
5,0.7177306053373549,0.8614600896835327
6,0.6884062038527594,0.8712363243103027
7,0.6913005299038357,0.872527003288269
8,0.6743469565444522,0.9075677394866943
