epoch,train_loss,train_accuracy,val_loss,val_accuracy
1,0.6829079953136497,0.5994550408719346,0.727747917175293,0.3
2,0.6680870275406486,0.6198910081743869,1.505037784576416,0.3
3,0.6728454115280339,0.6198910081743869,0.846903383731842,0.3
4,0.6011770395232157,0.6866485013623979,0.8720167279243469,0.55
5,0.6014771752201569,0.6335149863760218,0.880649983882904,0.3
6,0.5915666209579489,0.6784741144414169,0.8898249864578247,0.5
