epoch,train_loss,train_accuracy,val_loss,val_accuracy
1,0.07312244408660465,0.49666666666666665,0.07266011834144592,0.35
2,0.073011477722062,0.6044444444444445,0.07257002592086792,0.66
3,0.07304172277450562,0.46444444444444444,0.07242733240127563,0.37
4,0.07251065340307024,0.6244444444444445,0.0723985880613327,0.69
5,0.07280581765704684,0.6444444444444445,0.07245562225580215,0.69
6,0.07272492931948768,0.5577777777777778,0.0725681409239769,0.55
7,0.07277441057893964,0.5766666666666667,0.07289504259824753,0.6
8,0.0726015020079083,0.6222222222222222,0.07301357388496399,0.61
