epoch,train_loss,val_loss
1,0.97238772365782,0.9695245623588562
2,0.9714670499165853,0.9715607166290283
3,0.9689610852135553,0.9727509021759033
4,0.9692506323920356,0.9716470837593079
5,0.9697624778747559,0.9711811542510986
6,0.9675340488221911,0.9696282744407654
