epoch,train_loss,val_loss
1,0.6364682253201802,0.5755966901779175
2,0.5563175174925062,0.5187979936599731
3,0.5099739774068197,0.4840032756328583
4,0.48366948074764676,0.47215262055397034
5,0.4625453856256273,0.4700321853160858
6,0.4570084587732951,0.46665725111961365
7,0.4594905339346992,0.46977677941322327
8,0.44593345165252685,0.48421844840049744
9,0.44306273976961774,0.48544585704803467
10,0.43414534277386135,0.484761118888855
11,0.43490007241566975,0.4815061092376709
