epoch,train_loss,val_loss
1,0.7887304951084985,0.6448062062263489
2,0.6189681572384305,0.6121249198913574
3,0.6117868132061428,0.6233125925064087
4,0.6150836118062337,0.67634117603302
5,0.6286087788475885,0.6162447333335876
6,0.6123404020733304,0.6199365258216858
7,0.6142211315366957,0.630828857421875
