epoch,train_loss,train_accuracy,val_loss,val_accuracy
1,0.9728930526309543,0.5366666666666666,0.9741727113723755,0.3
2,0.9705756945080227,0.40444444444444444,1.1995769739151,0.32
3,0.9798732466167874,0.4688888888888889,0.9703025817871094,0.45
4,0.9627457189559937,0.5255555555555556,1.0094358921051025,0.43
5,0.9727003150516086,0.5322222222222223,0.9801843762397766,0.45
6,0.961724280251397,0.5566666666666666,0.9717334508895874,0.51
7,0.9582221757041084,0.5633333333333334,0.9873439073562622,0.52
8,0.9632780623435974,0.5488888888888889,0.9730873703956604,0.5
