epoch,train_loss,val_loss
1,0.069433387849066,0.06339866667985916
2,0.06251950446102354,0.058467671275138855
3,0.05749917386306657,0.055198315531015396
4,0.05743678092956543,0.05498084798455238
5,0.05554553950826327,0.05419762432575226
6,0.055869896196656756,0.05427587404847145
7,0.054130646586418155,0.05436798930168152
8,0.05291758445401987,0.05437696352601051
9,0.05357216285334693,0.05581844598054886
10,0.05377954120437304,0.05499183386564255
