epoch,train_loss,train_accuracy,val_loss,val_accuracy
1,0.6272498414251539,0.66,0.557452917098999,0.7
2,0.5476524550384946,0.7022222222222222,0.5109291076660156,0.73
3,0.4928245109981961,0.7611111111111111,0.49177679419517517,0.76
4,0.4734348409705692,0.7844444444444445,0.4960971474647522,0.74
5,0.4557559439871046,0.7955555555555556,0.5039992928504944,0.73
6,0.45446578131781684,0.7844444444444445,0.5061419606208801,0.74
7,0.4474076563782162,0.7877777777777778,0.514900267124176,0.74
8,0.4427213066154056,0.7977777777777778,0.5215420126914978,0.73
