epoch,train_loss,train_accuracy,val_loss,val_accuracy
1,0.6869189985002409,0.6143057503506312,0.7838923335075378,0.3
2,0.688062453671224,0.6283309957924264,0.7631260752677917,0.3
3,0.6525329292907287,0.6241234221598878,0.842068612575531,0.3
4,0.6217630853325254,0.6507713884992987,0.8148505687713623,0.48
5,0.5847007276132431,0.726507713884993,0.7919529676437378,0.61
6,0.6086378767145968,0.6521739130434783,1.099039912223816,0.46
7,0.6029642383982056,0.7110799438990182,0.7993679642677307,0.61
