epoch,train_loss,val_loss
1,0.9725082733896043,0.9688205718994141
2,0.9697564140955607,0.9673579335212708
3,0.9695783392588297,0.9669732451438904
4,0.9688619507683648,0.9641032218933105
5,0.9704101292292276,0.9614242911338806
6,0.970473911497328,0.9643005132675171
7,0.9689040994644165,0.963541567325592
8,0.9685097826851738,0.9626035094261169
9,0.967701505555047,0.9626559019088745
10,0.9672083049350315,0.9633395671844482
