epoch,train_loss,val_loss
1,0.07299420651462343,0.07300160825252533
2,0.0727672171096007,0.07309768348932266
3,0.0726216364900271,0.0733526423573494
4,0.07271284076902601,0.07321256399154663
5,0.07262073549959394,0.07326142489910126
6,0.07264610820346408,0.07342993468046188
