epoch,train_loss,val_loss
1,0.6744334108459831,0.8534306287765503
2,0.6742722282708115,0.7764595746994019
3,0.6684763406961096,0.8111290335655212
4,0.6489182299434885,0.6987605094909668
5,0.617511951143338,0.8802743554115295
6,0.6188280955486921,0.7673525810241699
7,0.6228774037334014,0.7371610999107361
8,0.6100713600474774,0.8398985862731934
9,0.592798517744029,0.7410330176353455
