epoch,train_loss,val_loss
1,0.9427800284491645,0.8770431280136108
2,0.8445217400126988,0.766074001789093
3,0.7825748984018962,0.6945950984954834
4,0.7525687016381157,0.6846040487289429
5,0.728304779264662,0.675606369972229
6,0.7173054144117568,0.6876267194747925
7,0.7149066187275781,0.6879890561103821
8,0.7041865825653076,0.6887739300727844
9,0.6826554436153836,0.6864255666732788
10,0.6644045062859854,0.6989158987998962
