epoch,train_loss,train_accuracy,val_loss,val_accuracy
1,0.9504598625500997,0.48444444444444446,0.8953045606613159,0.69
2,0.8818175474802653,0.67,0.8129879832267761,0.72
3,0.80430999967787,0.6877777777777778,0.7572830319404602,0.71
4,0.7647646390067206,0.7133333333333334,0.7290213108062744,0.76
5,0.7438800997204251,0.7511111111111111,0.7349755764007568,0.74
6,0.7357867081960042,0.7233333333333334,0.7431565523147583,0.74
7,0.7121461047066583,0.75,0.7401798963546753,0.73
8,0.7086041122012668,0.7544444444444445,0.7393761873245239,0.71
9,0.6948345153861576,0.7533333333333333,0.7384548783302307,0.72
