epoch,train_loss,train_accuracy,val_loss,val_accuracy
1,0.6339840683672163,0.6988888888888889,0.6116728186607361,0.7
2,0.6093413326475355,0.7,0.6110628843307495,0.7
3,0.613403260310491,0.7,0.6113277077674866,0.7
4,0.6121117001109653,0.7,0.6126779913902283,0.7
5,0.6140242544809977,0.7,0.6133163571357727,0.7
6,0.6121266622013516,0.7,0.6121209859848022,0.7
7,0.6084068663914999,0.7,0.6114341020584106,0.7
