epoch,train_loss,val_loss
1,0.9739672552214729,0.9695909023284912
2,0.9710742841826545,0.9707547426223755
3,0.9720436255137126,0.9697710871696472
4,0.9694696431689792,0.968686044216156
5,0.9685036431418524,0.9687778353691101
6,0.9669972419738769,0.9716483354568481
7,0.9655729982588026,0.9765251874923706
8,0.962353856033749,0.9777377843856812
9,0.959693119790819,0.9814522862434387
