epoch,train_loss,train_accuracy,val_loss,val_accuracy
1,0.9721444792217678,0.4033333333333333,0.9714816212654114,0.59
2,0.9688842511177063,0.38,0.9716026186943054,0.3
3,0.9695988421969943,0.3288888888888889,0.9705756902694702,0.37
4,0.9693878248002794,0.31777777777777777,0.9715708494186401,0.37
5,0.9667591900295681,0.5144444444444445,0.9714979529380798,0.58
6,0.9681226248211331,0.5844444444444444,0.9717587232589722,0.4
7,0.9667694060007731,0.6066666666666667,0.9721770882606506,0.56
8,0.9645001167721219,0.5966666666666667,0.9723846316337585,0.38
