epoch,train_loss,val_loss
1,0.6360092528661092,0.6107285022735596
2,0.6124855004416572,0.6099696755409241
3,0.6127151001824273,0.6101650595664978
4,0.6111837300989363,0.6093699932098389
5,0.609280530611674,0.6089415550231934
6,0.6101338534884982,0.6093658208847046
7,0.6096514352162679,0.6090784668922424
8,0.609736656083001,0.6097853779792786
9,0.6195061959160699,0.6183786392211914
10,0.6107278066211277,0.6093164682388306
