epoch,train_loss,train_accuracy,val_loss,val_accuracy
1,0.620886126942387,0.6551264980026631,0.7744045257568359,0.41
2,0.4652856967341249,0.8149134487350199,0.7235990762710571,0.6
3,0.31092684504671514,0.8921438082556591,0.780889093875885,0.62
4,0.23401050331113182,0.9094540612516645,0.8707878589630127,0.63
5,0.20919367101554387,0.914780292942743,1.0124938488006592,0.62
6,0.1888831049084822,0.9201065246338216,0.9443566799163818,0.68
7,0.16073946371059444,0.948069241011984,1.0505528450012207,0.67
