epoch,train_loss,val_loss
1,0.6266638056437175,0.5658627152442932
2,0.5507667442162831,0.5200996398925781
3,0.501586416694853,0.48618361353874207
4,0.48004926800727843,0.48425063490867615
5,0.46999510367711383,0.473407119512558
6,0.45467357926898533,0.4660084545612335
7,0.4501348272959391,0.4670584499835968
8,0.4617739668819639,0.47341135144233704
9,0.43937095602353415,0.47459253668785095
10,0.4185283287366231,0.4720667898654938
11,0.42241526073879665,0.4690426290035248
