epoch,train_loss,val_loss
1,0.9223949686686198,0.9152429103851318
2,0.8385902320014106,0.8446896076202393
3,0.7625884082582262,0.7996793389320374
4,0.7159915267096626,0.8177511692047119
5,0.711690152751075,0.8041273355484009
6,0.695812373161316,0.7923819422721863
7,0.6860991668701172,0.8103055953979492
8,0.6835303295983208,0.8118429183959961
9,0.6729263485802545,0.8225640654563904
10,0.6661679172515869,0.8320299386978149
11,0.6537196029557122,0.8256354928016663
