epoch,train_loss,val_loss
1,0.7213690110047658,0.6695280075073242
2,0.620415768623352,0.6109289526939392
3,0.6098070987065634,0.6492298245429993
4,0.6199725516637167,0.6208223700523376
5,0.6150392654207018,0.6144431233406067
6,0.6135499387317234,0.6186282634735107
7,0.6118240063720279,0.6340814828872681
