epoch,train_loss,train_accuracy,val_loss,val_accuracy
1,0.6702875551016664,0.6196403872752421,0.8829464316368103,0.3
2,0.6649117292540037,0.6196403872752421,0.7874760031700134,0.3
3,0.6635119343694315,0.6196403872752421,0.8113844394683838,0.3
4,0.6562185777173497,0.6196403872752421,0.941080629825592,0.3
5,0.5944669798614244,0.6763485477178424,0.9292935132980347,0.42
6,0.5826443340603576,0.7289073305670816,0.8535097241401672,0.43
7,0.5784246145772076,0.7081604426002767,0.9373696446418762,0.4
