epoch,train_loss,val_loss
1,0.7660905957698187,0.7973775267601013
2,0.6639528409460096,0.8108468651771545
3,0.6591806631589856,0.7798287272453308
4,0.6621469873562951,0.8048079013824463
5,0.6530000909508148,0.8550288081169128
6,0.6484194190778364,0.8625800609588623
7,0.6407277126128125,0.8342124819755554
8,0.6498910678369545,0.8102177381515503
