epoch,train_loss,val_loss
1,0.06909263730049134,0.06606072932481766
2,0.05998808753159311,0.06433551758527756
3,0.05839947674837377,0.06684856116771698
4,0.05736428211132685,0.06508002430200577
5,0.05359547446171443,0.06716480106115341
6,0.05475389280252987,0.06721178442239761
7,0.05460491339365641,0.0686856359243393
