epoch,train_loss,train_accuracy,val_loss,val_accuracy
1,0.07330051094293594,0.4077777777777778,0.07283053547143936,0.65
2,0.07315253516038259,0.6933333333333334,0.07292380928993225,0.61
3,0.07284970892800226,0.4111111111111111,0.07319557666778564,0.29
4,0.07252752055724462,0.4955555555555556,0.07303547859191895,0.62
5,0.07266105830669403,0.6455555555555555,0.07298789918422699,0.61
6,0.07251447988881005,0.6411111111111111,0.07284750044345856,0.65
