epoch,train_loss,val_loss
1,0.97076171875,0.9677072167396545
2,0.9723647658030192,0.9664348363876343
3,0.9729005559285482,0.9674307107925415
4,0.9705627012252808,0.9662367701530457
5,0.9690294583638509,0.9644708037376404
6,0.9686384556028578,0.9612548351287842
7,0.9669418197207981,0.9769724607467651
8,0.9683340242173937,0.9650192260742188
9,0.9642487292819553,0.9776219129562378
10,0.9680871295928956,0.9712833762168884
11,0.9721462228563097,0.9691956043243408
