{
  "dataset": "australian",
  "model": "gru",
  "condition": "weighted_bce",
  "fold_id": 9,
  "status": "success",
  "n_train": 621,
  "n_val": 69,
  "n_train_after_sampling": 621,
  "epochs_ran": 35,
  "final_train_loss": 0.4808016457803391,
  "final_train_accuracy": 0.821256038647343,
  "best_val_accuracy": 0.7971014492753623,
  "final_val_accuracy": 0.782608695652174,
  "val_loss": 0.5514243245124817,
  "history_path": "/kaggle/working/assignment3_outputs/histories/australian_gru_weighted_bce_fold09_history.csv",
  "checkpoint_path": null,
  "feature_count_after_preprocessing": 29,
  "feature_names_path": "/kaggle/working/assignment3_outputs/models/australian_gru_weighted_bce_fold09_features.json",
  "runtime_seconds": 4.1239097118377686,
  "accuracy": 0.782608695652174,
  "sensitivity": 0.7741935483870968,
  "specificity": 0.7894736842105263,
  "precision": 0.75,
  "f1": 0.7619047619047619,
  "balanced_accuracy": 0.7818336162988115,
  "tp": 24,
  "tn": 30,
  "fp": 8,
  "fn": 7,
  "roc_auc": 0.8370118845500848,
  "pr_auc": 0.8446731582707264
}