{
  "dataset": "australian",
  "model": "lstm",
  "condition": "baseline",
  "fold_id": 8,
  "status": "success",
  "n_train": 621,
  "n_val": 69,
  "n_train_after_sampling": 621,
  "epochs_ran": 12,
  "final_train_loss": 0.4809394686118416,
  "final_train_accuracy": 0.7745571658615137,
  "best_val_accuracy": 0.782608695652174,
  "final_val_accuracy": 0.7391304347826086,
  "val_loss": 0.4954740107059479,
  "history_path": "/kaggle/working/assignment3_outputs/histories/australian_lstm_baseline_fold08_history.csv",
  "checkpoint_path": null,
  "feature_count_after_preprocessing": 29,
  "feature_names_path": "/kaggle/working/assignment3_outputs/models/australian_lstm_baseline_fold08_features.json",
  "runtime_seconds": 1.6254045963287354,
  "accuracy": 0.7391304347826086,
  "sensitivity": 0.6129032258064516,
  "specificity": 0.8421052631578947,
  "precision": 0.76,
  "f1": 0.6785714285714286,
  "balanced_accuracy": 0.7275042444821731,
  "tp": 19,
  "tn": 32,
  "fp": 6,
  "fn": 12,
  "roc_auc": 0.8412563667232599,
  "pr_auc": 0.8253591655407855
}