{
  "dataset": "australian",
  "model": "gru",
  "condition": "baseline",
  "fold_id": 8,
  "status": "success",
  "n_train": 621,
  "n_val": 69,
  "n_train_after_sampling": 621,
  "epochs_ran": 16,
  "final_train_loss": 0.4893501382711045,
  "final_train_accuracy": 0.7874396135265701,
  "best_val_accuracy": 0.7971014492753623,
  "final_val_accuracy": 0.7536231884057971,
  "val_loss": 0.46600598096847534,
  "history_path": "/kaggle/working/assignment3_outputs/histories/australian_gru_baseline_fold08_history.csv",
  "checkpoint_path": null,
  "feature_count_after_preprocessing": 29,
  "feature_names_path": "/kaggle/working/assignment3_outputs/models/australian_gru_baseline_fold08_features.json",
  "runtime_seconds": 1.9169399738311768,
  "accuracy": 0.7536231884057971,
  "sensitivity": 0.7419354838709677,
  "specificity": 0.7631578947368421,
  "precision": 0.71875,
  "f1": 0.7301587301587301,
  "balanced_accuracy": 0.752546689303905,
  "tp": 23,
  "tn": 29,
  "fp": 9,
  "fn": 8,
  "roc_auc": 0.8544142614601019,
  "pr_auc": 0.8353070065714963
}