{
  "dataset": "australian",
  "model": "gru",
  "condition": "baseline",
  "fold_id": 5,
  "status": "success",
  "n_train": 621,
  "n_val": 69,
  "n_train_after_sampling": 621,
  "val_loss": 0.5046338438987732,
  "history_path": "/kaggle/working/assignment3_outputs/histories/australian_gru_baseline_fold05_history.csv",
  "checkpoint_path": null,
  "feature_count_after_preprocessing": 29,
  "feature_names_path": "/kaggle/working/assignment3_outputs/models/australian_gru_baseline_fold05_features.json",
  "runtime_seconds": 2.317782163619995,
  "accuracy": 0.7536231884057971,
  "sensitivity": 0.7096774193548387,
  "specificity": 0.7894736842105263,
  "precision": 0.7333333333333333,
  "f1": 0.7213114754098361,
  "balanced_accuracy": 0.7495755517826825,
  "tp": 22,
  "tn": 30,
  "fp": 8,
  "fn": 9,
  "roc_auc": 0.833616298811545,
  "pr_auc": 0.7675487582867173
}