{
  "dataset": "australian",
  "model": "lstm",
  "condition": "focal_loss",
  "fold_id": 7,
  "status": "success",
  "n_train": 621,
  "n_val": 69,
  "n_train_after_sampling": 621,
  "epochs_ran": 16,
  "final_train_loss": 0.061065750181578976,
  "final_train_accuracy": 0.785829307568438,
  "best_val_accuracy": 0.7391304347826086,
  "final_val_accuracy": 0.7246376811594203,
  "val_loss": 0.07142462581396103,
  "history_path": "/kaggle/working/assignment3_outputs/histories/australian_lstm_focal_loss_fold07_history.csv",
  "checkpoint_path": null,
  "feature_count_after_preprocessing": 29,
  "feature_names_path": "/kaggle/working/assignment3_outputs/models/australian_lstm_focal_loss_fold07_features.json",
  "runtime_seconds": 2.129047393798828,
  "accuracy": 0.7246376811594203,
  "sensitivity": 0.6129032258064516,
  "specificity": 0.8157894736842105,
  "precision": 0.7307692307692307,
  "f1": 0.6666666666666666,
  "balanced_accuracy": 0.7143463497453311,
  "tp": 19,
  "tn": 31,
  "fp": 7,
  "fn": 12,
  "roc_auc": 0.7606112054329373,
  "pr_auc": 0.7772855494002128
}