{
  "dataset": "australian",
  "model": "gru",
  "condition": "focal_loss",
  "fold_id": 3,
  "status": "success",
  "n_train": 621,
  "n_val": 69,
  "n_train_after_sampling": 621,
  "epochs_ran": 24,
  "final_train_loss": 0.057943292765993616,
  "final_train_accuracy": 0.7954911433172303,
  "best_val_accuracy": 0.9710144927536232,
  "final_val_accuracy": 0.9420289855072463,
  "val_loss": 0.03943819925189018,
  "history_path": "/kaggle/working/assignment3_outputs/histories/australian_gru_focal_loss_fold03_history.csv",
  "checkpoint_path": null,
  "feature_count_after_preprocessing": 29,
  "feature_names_path": "/kaggle/working/assignment3_outputs/models/australian_gru_focal_loss_fold03_features.json",
  "runtime_seconds": 3.01251220703125,
  "accuracy": 0.9420289855072463,
  "sensitivity": 1.0,
  "specificity": 0.8974358974358975,
  "precision": 0.8823529411764706,
  "f1": 0.9375,
  "balanced_accuracy": 0.9487179487179487,
  "tp": 30,
  "tn": 35,
  "fp": 4,
  "fn": 0,
  "roc_auc": 0.9709401709401709,
  "pr_auc": 0.9498082563612634
}