{
  "dataset": "australian",
  "model": "mlp",
  "condition": "baseline",
  "fold_id": 5,
  "status": "success",
  "n_train": 621,
  "n_val": 69,
  "n_train_after_sampling": 621,
  "epochs_ran": 9,
  "final_train_loss": 0.2877317487041731,
  "final_train_accuracy": 0.8776167471819646,
  "best_val_accuracy": 0.8695652173913043,
  "final_val_accuracy": 0.8695652173913043,
  "val_loss": 0.3760373890399933,
  "history_path": "/kaggle/working/assignment3_outputs/histories/australian_mlp_baseline_fold05_history.csv",
  "checkpoint_path": "/kaggle/working/assignment3_outputs/models/australian_mlp_baseline_fold05.pt",
  "feature_count_after_preprocessing": 29,
  "feature_names_path": "/kaggle/working/assignment3_outputs/models/australian_mlp_baseline_fold05_features.json",
  "runtime_seconds": 1.8237407207489014,
  "accuracy": 0.8695652173913043,
  "sensitivity": 0.8064516129032258,
  "specificity": 0.9210526315789473,
  "precision": 0.8928571428571429,
  "f1": 0.847457627118644,
  "balanced_accuracy": 0.8637521222410866,
  "tp": 25,
  "tn": 35,
  "fp": 3,
  "fn": 6,
  "roc_auc": 0.9015280135823429,
  "pr_auc": 0.8746227305481478
}