{
  "dataset": "australian",
  "model": "lstm",
  "condition": "weighted_bce",
  "fold_id": 9,
  "status": "success",
  "n_train": 621,
  "n_val": 69,
  "n_train_after_sampling": 621,
  "epochs_ran": 27,
  "final_train_loss": 0.7706106339675792,
  "final_train_accuracy": 0.5265700483091788,
  "best_val_accuracy": 0.782608695652174,
  "final_val_accuracy": 0.782608695652174,
  "val_loss": 0.546710729598999,
  "history_path": "/kaggle/working/assignment3_outputs/histories/australian_lstm_weighted_bce_fold09_history.csv",
  "checkpoint_path": null,
  "feature_count_after_preprocessing": 29,
  "feature_names_path": "/kaggle/working/assignment3_outputs/models/australian_lstm_weighted_bce_fold09_features.json",
  "runtime_seconds": 3.238107204437256,
  "accuracy": 0.782608695652174,
  "sensitivity": 0.7741935483870968,
  "specificity": 0.7894736842105263,
  "precision": 0.75,
  "f1": 0.7619047619047619,
  "balanced_accuracy": 0.7818336162988115,
  "tp": 24,
  "tn": 30,
  "fp": 8,
  "fn": 7,
  "roc_auc": 0.8344651952461799,
  "pr_auc": 0.8291269170571267
}