{
  "dataset": "australian",
  "model": "gru",
  "condition": "smoteenn",
  "fold_id": 3,
  "status": "success",
  "n_train": 621,
  "n_val": 69,
  "n_train_after_sampling": 440,
  "epochs_ran": 32,
  "final_train_loss": 0.16432752825997093,
  "final_train_accuracy": 0.95,
  "best_val_accuracy": 0.9420289855072463,
  "final_val_accuracy": 0.927536231884058,
  "val_loss": 0.24591344594955444,
  "history_path": "/kaggle/working/assignment3_outputs/histories/australian_gru_smoteenn_fold03_history.csv",
  "checkpoint_path": null,
  "feature_count_after_preprocessing": 29,
  "feature_names_path": "/kaggle/working/assignment3_outputs/models/australian_gru_smoteenn_fold03_features.json",
  "runtime_seconds": 2.830632209777832,
  "accuracy": 0.927536231884058,
  "sensitivity": 0.9,
  "specificity": 0.9487179487179487,
  "precision": 0.9310344827586207,
  "f1": 0.9152542372881356,
  "balanced_accuracy": 0.9243589743589744,
  "tp": 27,
  "tn": 37,
  "fp": 2,
  "fn": 3,
  "roc_auc": 0.9670940170940171,
  "pr_auc": 0.9369608191631563
}