{
  "dataset": "australian",
  "model": "mlp",
  "condition": "focal_loss",
  "fold_id": 1,
  "status": "success",
  "n_train": 621,
  "n_val": 69,
  "n_train_after_sampling": 621,
  "epochs_ran": 14,
  "final_train_loss": 0.03680327257528397,
  "final_train_accuracy": 0.8856682769726248,
  "best_val_accuracy": 0.8985507246376812,
  "final_val_accuracy": 0.8985507246376812,
  "val_loss": 0.033648159354925156,
  "history_path": "/kaggle/working/assignment3_outputs/histories/australian_mlp_focal_loss_fold01_history.csv",
  "checkpoint_path": "/kaggle/working/assignment3_outputs/models/australian_mlp_focal_loss_fold01.pt",
  "feature_count_after_preprocessing": 29,
  "feature_names_path": "/kaggle/working/assignment3_outputs/models/australian_mlp_focal_loss_fold01_features.json",
  "runtime_seconds": 3.0008363723754883,
  "accuracy": 0.8985507246376812,
  "sensitivity": 1.0,
  "specificity": 0.8205128205128205,
  "precision": 0.8108108108108109,
  "f1": 0.8955223880597015,
  "balanced_accuracy": 0.9102564102564102,
  "tp": 30,
  "tn": 32,
  "fp": 7,
  "fn": 0,
  "roc_auc": 0.9598290598290597,
  "pr_auc": 0.9454117052118362
}