{
  "dataset": "australian",
  "model": "lstm",
  "condition": "weighted_bce",
  "fold_id": 1,
  "status": "success",
  "n_train": 621,
  "n_val": 69,
  "n_train_after_sampling": 621,
  "epochs_ran": 11,
  "final_train_loss": 0.5953410419481004,
  "final_train_accuracy": 0.7375201288244766,
  "best_val_accuracy": 0.7971014492753623,
  "final_val_accuracy": 0.7971014492753623,
  "val_loss": 0.5235748887062073,
  "history_path": "/kaggle/working/assignment3_outputs/histories/australian_lstm_weighted_bce_fold01_history.csv",
  "checkpoint_path": null,
  "feature_count_after_preprocessing": 29,
  "feature_names_path": "/kaggle/working/assignment3_outputs/models/australian_lstm_weighted_bce_fold01_features.json",
  "runtime_seconds": 1.4356770515441895,
  "accuracy": 0.7971014492753623,
  "sensitivity": 0.7333333333333333,
  "specificity": 0.8461538461538461,
  "precision": 0.7857142857142857,
  "f1": 0.7586206896551724,
  "balanced_accuracy": 0.7897435897435897,
  "tp": 22,
  "tn": 33,
  "fp": 6,
  "fn": 8,
  "roc_auc": 0.9,
  "pr_auc": 0.8766900949348447
}