{
  "dataset": "australian",
  "model": "lstm",
  "condition": "baseline",
  "fold_id": 3,
  "status": "success",
  "n_train": 621,
  "n_val": 69,
  "n_train_after_sampling": 621,
  "epochs_ran": 21,
  "final_train_loss": 0.4914500694152046,
  "final_train_accuracy": 0.7616747181964574,
  "best_val_accuracy": 0.9565217391304348,
  "final_val_accuracy": 0.9565217391304348,
  "val_loss": 0.27113762497901917,
  "history_path": "/kaggle/working/assignment3_outputs/histories/australian_lstm_baseline_fold03_history.csv",
  "checkpoint_path": null,
  "feature_count_after_preprocessing": 29,
  "feature_names_path": "/kaggle/working/assignment3_outputs/models/australian_lstm_baseline_fold03_features.json",
  "runtime_seconds": 2.474634885787964,
  "accuracy": 0.9565217391304348,
  "sensitivity": 0.9666666666666667,
  "specificity": 0.9487179487179487,
  "precision": 0.9354838709677419,
  "f1": 0.9508196721311475,
  "balanced_accuracy": 0.9576923076923076,
  "tp": 29,
  "tn": 37,
  "fp": 2,
  "fn": 1,
  "roc_auc": 0.9752136752136752,
  "pr_auc": 0.9571803688607915
}