{
  "dataset": "australian",
  "model": "gru",
  "condition": "focal_loss",
  "fold_id": 1,
  "status": "success",
  "n_train": 621,
  "n_val": 69,
  "n_train_after_sampling": 621,
  "epochs_ran": 17,
  "final_train_loss": 0.06370812665293182,
  "final_train_accuracy": 0.7600644122383253,
  "best_val_accuracy": 0.8115942028985508,
  "final_val_accuracy": 0.8115942028985508,
  "val_loss": 0.05586322396993637,
  "history_path": "/kaggle/working/assignment3_outputs/histories/australian_gru_focal_loss_fold01_history.csv",
  "checkpoint_path": null,
  "feature_count_after_preprocessing": 29,
  "feature_names_path": "/kaggle/working/assignment3_outputs/models/australian_gru_focal_loss_fold01_features.json",
  "runtime_seconds": 2.2037248611450195,
  "accuracy": 0.8115942028985508,
  "sensitivity": 0.8666666666666667,
  "specificity": 0.7692307692307693,
  "precision": 0.7428571428571429,
  "f1": 0.8,
  "balanced_accuracy": 0.8179487179487179,
  "tp": 26,
  "tn": 30,
  "fp": 9,
  "fn": 4,
  "roc_auc": 0.8982905982905983,
  "pr_auc": 0.8676561723911127
}