{
  "dataset": "australian",
  "model": "gru",
  "condition": "weighted_bce",
  "fold_id": 4,
  "status": "success",
  "n_train": 621,
  "n_val": 69,
  "n_train_after_sampling": 621,
  "epochs_ran": 10,
  "final_train_loss": 0.573313034195063,
  "final_train_accuracy": 0.7665056360708534,
  "best_val_accuracy": 0.6956521739130435,
  "final_val_accuracy": 0.6521739130434783,
  "val_loss": 0.7094157934188843,
  "history_path": "/kaggle/working/assignment3_outputs/histories/australian_gru_weighted_bce_fold04_history.csv",
  "checkpoint_path": null,
  "feature_count_after_preprocessing": 29,
  "feature_names_path": "/kaggle/working/assignment3_outputs/models/australian_gru_weighted_bce_fold04_features.json",
  "runtime_seconds": 1.3673784732818604,
  "accuracy": 0.6521739130434783,
  "sensitivity": 0.5161290322580645,
  "specificity": 0.7631578947368421,
  "precision": 0.64,
  "f1": 0.5714285714285714,
  "balanced_accuracy": 0.6396434634974533,
  "tp": 16,
  "tn": 29,
  "fp": 9,
  "fn": 15,
  "roc_auc": 0.7287775891341257,
  "pr_auc": 0.6592190751931754
}