{
  "dataset": "australian",
  "model": "lstm",
  "condition": "baseline",
  "fold_id": 7,
  "status": "success",
  "n_train": 621,
  "n_val": 69,
  "n_train_after_sampling": 621,
  "epochs_ran": 15,
  "final_train_loss": 0.5111994405491532,
  "final_train_accuracy": 0.7536231884057971,
  "best_val_accuracy": 0.7391304347826086,
  "final_val_accuracy": 0.7101449275362319,
  "val_loss": 0.5574262142181396,
  "history_path": "/kaggle/working/assignment3_outputs/histories/australian_lstm_baseline_fold07_history.csv",
  "checkpoint_path": null,
  "feature_count_after_preprocessing": 29,
  "feature_names_path": "/kaggle/working/assignment3_outputs/models/australian_lstm_baseline_fold07_features.json",
  "runtime_seconds": 1.9109899997711182,
  "accuracy": 0.7101449275362319,
  "sensitivity": 0.5483870967741935,
  "specificity": 0.8421052631578947,
  "precision": 0.7391304347826086,
  "f1": 0.6296296296296297,
  "balanced_accuracy": 0.6952461799660441,
  "tp": 17,
  "tn": 32,
  "fp": 6,
  "fn": 14,
  "roc_auc": 0.7801358234295416,
  "pr_auc": 0.7871481479625297
}