{
  "dataset": "australian",
  "model": "lstm",
  "condition": "smoteenn",
  "fold_id": 5,
  "status": "success",
  "n_train": 621,
  "n_val": 69,
  "n_train_after_sampling": 463,
  "val_loss": 0.5182141661643982,
  "history_path": "/kaggle/working/assignment3_outputs/histories/australian_lstm_smoteenn_fold05_history.csv",
  "checkpoint_path": null,
  "feature_count_after_preprocessing": 29,
  "feature_names_path": "/kaggle/working/assignment3_outputs/models/australian_lstm_smoteenn_fold05_features.json",
  "runtime_seconds": 2.475172281265259,
  "accuracy": 0.7101449275362319,
  "sensitivity": 0.7419354838709677,
  "specificity": 0.6842105263157895,
  "precision": 0.6571428571428571,
  "f1": 0.696969696969697,
  "balanced_accuracy": 0.7130730050933787,
  "tp": 23,
  "tn": 26,
  "fp": 12,
  "fn": 8,
  "roc_auc": 0.8285229202037352,
  "pr_auc": 0.7782012528848388
}