{
  "dataset": "australian",
  "model": "mlp",
  "condition": "smoteenn",
  "fold_id": 5,
  "status": "success",
  "n_train": 621,
  "n_val": 69,
  "n_train_after_sampling": 463,
  "epochs_ran": 8,
  "final_train_loss": 0.049836947612834546,
  "final_train_accuracy": 0.9762419006479481,
  "best_val_accuracy": 0.8985507246376812,
  "final_val_accuracy": 0.855072463768116,
  "val_loss": 0.40190479159355164,
  "history_path": "/kaggle/working/assignment3_outputs/histories/australian_mlp_smoteenn_fold05_history.csv",
  "checkpoint_path": "/kaggle/working/assignment3_outputs/models/australian_mlp_smoteenn_fold05.pt",
  "feature_count_after_preprocessing": 29,
  "feature_names_path": "/kaggle/working/assignment3_outputs/models/australian_mlp_smoteenn_fold05_features.json",
  "runtime_seconds": 1.4022417068481445,
  "accuracy": 0.855072463768116,
  "sensitivity": 0.8387096774193549,
  "specificity": 0.868421052631579,
  "precision": 0.8387096774193549,
  "f1": 0.8387096774193549,
  "balanced_accuracy": 0.8535653650254669,
  "tp": 26,
  "tn": 33,
  "fp": 5,
  "fn": 5,
  "roc_auc": 0.9121392190152801,
  "pr_auc": 0.8611633757674887
}