{
  "dataset": "australian",
  "model": "mlp",
  "condition": "smoteenn",
  "fold_id": 8,
  "status": "success",
  "n_train": 621,
  "n_val": 69,
  "n_train_after_sampling": 453,
  "epochs_ran": 8,
  "final_train_loss": 0.034359623586541044,
  "final_train_accuracy": 0.9911699779249448,
  "best_val_accuracy": 0.8260869565217391,
  "final_val_accuracy": 0.8260869565217391,
  "val_loss": 0.37928158044815063,
  "history_path": "/kaggle/working/assignment3_outputs/histories/australian_mlp_smoteenn_fold08_history.csv",
  "checkpoint_path": "/kaggle/working/assignment3_outputs/models/australian_mlp_smoteenn_fold08.pt",
  "feature_count_after_preprocessing": 29,
  "feature_names_path": "/kaggle/working/assignment3_outputs/models/australian_mlp_smoteenn_fold08_features.json",
  "runtime_seconds": 1.4659192562103271,
  "accuracy": 0.8260869565217391,
  "sensitivity": 0.8709677419354839,
  "specificity": 0.7894736842105263,
  "precision": 0.7714285714285715,
  "f1": 0.8181818181818182,
  "balanced_accuracy": 0.830220713073005,
  "tp": 27,
  "tn": 30,
  "fp": 8,
  "fn": 4,
  "roc_auc": 0.9320882852292021,
  "pr_auc": 0.9271487582945037
}