{
  "dataset": "australian",
  "model": "mlp",
  "condition": "smoteenn",
  "fold_id": 2,
  "status": "success",
  "n_train": 621,
  "n_val": 69,
  "n_train_after_sampling": 448,
  "epochs_ran": 9,
  "final_train_loss": 0.022239536146766374,
  "final_train_accuracy": 0.9933035714285714,
  "best_val_accuracy": 0.9130434782608695,
  "final_val_accuracy": 0.8405797101449275,
  "val_loss": 0.40709570050239563,
  "history_path": "/kaggle/working/assignment3_outputs/histories/australian_mlp_smoteenn_fold02_history.csv",
  "checkpoint_path": "/kaggle/working/assignment3_outputs/models/australian_mlp_smoteenn_fold02.pt",
  "feature_count_after_preprocessing": 29,
  "feature_names_path": "/kaggle/working/assignment3_outputs/models/australian_mlp_smoteenn_fold02_features.json",
  "runtime_seconds": 1.5198719501495361,
  "accuracy": 0.8405797101449275,
  "sensitivity": 0.7666666666666667,
  "specificity": 0.8974358974358975,
  "precision": 0.8518518518518519,
  "f1": 0.8070175438596491,
  "balanced_accuracy": 0.8320512820512821,
  "tp": 23,
  "tn": 35,
  "fp": 4,
  "fn": 7,
  "roc_auc": 0.9196581196581196,
  "pr_auc": 0.8237352618434124
}