{
  "dataset": "australian",
  "model": "lstm",
  "condition": "baseline",
  "fold_id": 4,
  "status": "success",
  "n_train": 621,
  "n_val": 69,
  "n_train_after_sampling": 621,
  "epochs_ran": 35,
  "final_train_loss": 0.46916389570911915,
  "final_train_accuracy": 0.785829307568438,
  "best_val_accuracy": 0.7536231884057971,
  "final_val_accuracy": 0.7536231884057971,
  "val_loss": 0.5344765782356262,
  "history_path": "/kaggle/working/assignment3_outputs/histories/australian_lstm_baseline_fold04_history.csv",
  "checkpoint_path": null,
  "feature_count_after_preprocessing": 29,
  "feature_names_path": "/kaggle/working/assignment3_outputs/models/australian_lstm_baseline_fold04_features.json",
  "runtime_seconds": 4.158512353897095,
  "accuracy": 0.7536231884057971,
  "sensitivity": 0.7096774193548387,
  "specificity": 0.7894736842105263,
  "precision": 0.7333333333333333,
  "f1": 0.7213114754098361,
  "balanced_accuracy": 0.7495755517826825,
  "tp": 22,
  "tn": 30,
  "fp": 8,
  "fn": 9,
  "roc_auc": 0.7966893039049238,
  "pr_auc": 0.8022322439556834
}