{
  "dataset": "australian",
  "model": "mlp",
  "condition": "smoteenn",
  "fold_id": 1,
  "status": "success",
  "n_train": 621,
  "n_val": 69,
  "n_train_after_sampling": 442,
  "epochs_ran": 9,
  "final_train_loss": 0.030461005158553836,
  "final_train_accuracy": 0.9932126696832579,
  "best_val_accuracy": 0.8840579710144928,
  "final_val_accuracy": 0.8695652173913043,
  "val_loss": 0.28231048583984375,
  "history_path": "/kaggle/working/assignment3_outputs/histories/australian_mlp_smoteenn_fold01_history.csv",
  "checkpoint_path": "/kaggle/working/assignment3_outputs/models/australian_mlp_smoteenn_fold01.pt",
  "feature_count_after_preprocessing": 29,
  "feature_names_path": "/kaggle/working/assignment3_outputs/models/australian_mlp_smoteenn_fold01_features.json",
  "runtime_seconds": 1.4459776878356934,
  "accuracy": 0.8695652173913043,
  "sensitivity": 0.9666666666666667,
  "specificity": 0.7948717948717948,
  "precision": 0.7837837837837838,
  "f1": 0.8656716417910447,
  "balanced_accuracy": 0.8807692307692307,
  "tp": 29,
  "tn": 31,
  "fp": 8,
  "fn": 1,
  "roc_auc": 0.9683760683760684,
  "pr_auc": 0.9606333670807241
}