{
  "dataset": "australian",
  "model": "lstm",
  "condition": "baseline",
  "fold_id": 9,
  "status": "success",
  "n_train": 621,
  "n_val": 69,
  "n_train_after_sampling": 621,
  "epochs_ran": 35,
  "final_train_loss": 0.4044395311827053,
  "final_train_accuracy": 0.821256038647343,
  "best_val_accuracy": 0.855072463768116,
  "final_val_accuracy": 0.855072463768116,
  "val_loss": 0.4307635426521301,
  "history_path": "/kaggle/working/assignment3_outputs/histories/australian_lstm_baseline_fold09_history.csv",
  "checkpoint_path": null,
  "feature_count_after_preprocessing": 29,
  "feature_names_path": "/kaggle/working/assignment3_outputs/models/australian_lstm_baseline_fold09_features.json",
  "runtime_seconds": 4.036516427993774,
  "accuracy": 0.855072463768116,
  "sensitivity": 0.8709677419354839,
  "specificity": 0.8421052631578947,
  "precision": 0.8181818181818182,
  "f1": 0.84375,
  "balanced_accuracy": 0.8565365025466893,
  "tp": 27,
  "tn": 32,
  "fp": 6,
  "fn": 4,
  "roc_auc": 0.8769100169779287,
  "pr_auc": 0.9052772003756169
}