{
  "dataset": "australian",
  "model": "gru",
  "condition": "baseline",
  "fold_id": 6,
  "status": "success",
  "n_train": 621,
  "n_val": 69,
  "n_train_after_sampling": 621,
  "epochs_ran": 25,
  "final_train_loss": 0.4462179170138594,
  "final_train_accuracy": 0.8051529790660226,
  "best_val_accuracy": 0.9130434782608695,
  "final_val_accuracy": 0.8985507246376812,
  "val_loss": 0.3253643810749054,
  "history_path": "/kaggle/working/assignment3_outputs/histories/australian_gru_baseline_fold06_history.csv",
  "checkpoint_path": null,
  "feature_count_after_preprocessing": 29,
  "feature_names_path": "/kaggle/working/assignment3_outputs/models/australian_gru_baseline_fold06_features.json",
  "runtime_seconds": 2.9321625232696533,
  "accuracy": 0.8985507246376812,
  "sensitivity": 0.9032258064516129,
  "specificity": 0.8947368421052632,
  "precision": 0.875,
  "f1": 0.8888888888888888,
  "balanced_accuracy": 0.898981324278438,
  "tp": 28,
  "tn": 34,
  "fp": 4,
  "fn": 3,
  "roc_auc": 0.9448217317487266,
  "pr_auc": 0.9554775834565877
}