{
  "dataset": "australian",
  "model": "lstm",
  "condition": "focal_loss",
  "fold_id": 10,
  "status": "success",
  "n_train": 621,
  "n_val": 69,
  "n_train_after_sampling": 621,
  "epochs_ran": 19,
  "final_train_loss": 0.06385800320409155,
  "final_train_accuracy": 0.7729468599033816,
  "best_val_accuracy": 0.8405797101449275,
  "final_val_accuracy": 0.7391304347826086,
  "val_loss": 0.05537760257720947,
  "history_path": "/kaggle/working/assignment3_outputs/histories/australian_lstm_focal_loss_fold10_history.csv",
  "checkpoint_path": null,
  "feature_count_after_preprocessing": 29,
  "feature_names_path": "/kaggle/working/assignment3_outputs/models/australian_lstm_focal_loss_fold10_features.json",
  "runtime_seconds": 2.354849100112915,
  "accuracy": 0.7391304347826086,
  "sensitivity": 0.8064516129032258,
  "specificity": 0.6842105263157895,
  "precision": 0.6756756756756757,
  "f1": 0.7352941176470589,
  "balanced_accuracy": 0.7453310696095077,
  "tp": 25,
  "tn": 26,
  "fp": 12,
  "fn": 6,
  "roc_auc": 0.8879456706281834,
  "pr_auc": 0.8758225113573281
}