{
  "dataset": "australian",
  "model": "mlp",
  "condition": "baseline",
  "fold_id": 8,
  "status": "success",
  "n_train": 621,
  "n_val": 69,
  "n_train_after_sampling": 621,
  "epochs_ran": 10,
  "final_train_loss": 0.3034962649410666,
  "final_train_accuracy": 0.8792270531400966,
  "best_val_accuracy": 0.8695652173913043,
  "final_val_accuracy": 0.8260869565217391,
  "val_loss": 0.3208927512168884,
  "history_path": "/kaggle/working/assignment3_outputs/histories/australian_mlp_baseline_fold08_history.csv",
  "checkpoint_path": "/kaggle/working/assignment3_outputs/models/australian_mlp_baseline_fold08.pt",
  "feature_count_after_preprocessing": 29,
  "feature_names_path": "/kaggle/working/assignment3_outputs/models/australian_mlp_baseline_fold08_features.json",
  "runtime_seconds": 1.9773290157318115,
  "accuracy": 0.8260869565217391,
  "sensitivity": 0.8709677419354839,
  "specificity": 0.7894736842105263,
  "precision": 0.7714285714285715,
  "f1": 0.8181818181818182,
  "balanced_accuracy": 0.830220713073005,
  "tp": 27,
  "tn": 30,
  "fp": 8,
  "fn": 4,
  "roc_auc": 0.9401528013582343,
  "pr_auc": 0.9380545066920851
}