{
  "dataset": "australian",
  "model": "gru",
  "condition": "smoteenn",
  "fold_id": 7,
  "status": "success",
  "n_train": 621,
  "n_val": 69,
  "n_train_after_sampling": 458,
  "epochs_ran": 10,
  "final_train_loss": 0.33694295396450824,
  "final_train_accuracy": 0.8449781659388647,
  "best_val_accuracy": 0.7536231884057971,
  "final_val_accuracy": 0.6956521739130435,
  "val_loss": 0.5657530426979065,
  "history_path": "/kaggle/working/assignment3_outputs/histories/australian_gru_smoteenn_fold07_history.csv",
  "checkpoint_path": null,
  "feature_count_after_preprocessing": 29,
  "feature_names_path": "/kaggle/working/assignment3_outputs/models/australian_gru_smoteenn_fold07_features.json",
  "runtime_seconds": 1.2656161785125732,
  "accuracy": 0.6956521739130435,
  "sensitivity": 0.6774193548387096,
  "specificity": 0.7105263157894737,
  "precision": 0.65625,
  "f1": 0.6666666666666666,
  "balanced_accuracy": 0.6939728353140917,
  "tp": 21,
  "tn": 27,
  "fp": 11,
  "fn": 10,
  "roc_auc": 0.7699490662139219,
  "pr_auc": 0.7966701479216904
}