{
  "dataset": "australian",
  "model": "gru",
  "condition": "smoteenn",
  "fold_id": 10,
  "status": "success",
  "n_train": 621,
  "n_val": 69,
  "n_train_after_sampling": 442,
  "val_loss": 0.5107828974723816,
  "history_path": "/kaggle/working/assignment3_outputs/histories/australian_gru_smoteenn_fold10_history.csv",
  "checkpoint_path": null,
  "feature_count_after_preprocessing": 29,
  "feature_names_path": "/kaggle/working/assignment3_outputs/models/australian_gru_smoteenn_fold10_features.json",
  "runtime_seconds": 1.3554720878601074,
  "accuracy": 0.7101449275362319,
  "sensitivity": 0.5483870967741935,
  "specificity": 0.8421052631578947,
  "precision": 0.7391304347826086,
  "f1": 0.6296296296296297,
  "balanced_accuracy": 0.6952461799660441,
  "tp": 17,
  "tn": 32,
  "fp": 6,
  "fn": 14,
  "roc_auc": 0.8276740237691003,
  "pr_auc": 0.8043087964797699
}