{
  "dataset": "australian",
  "model": "mlp",
  "condition": "weighted_bce",
  "fold_id": 8,
  "status": "success",
  "n_train": 621,
  "n_val": 69,
  "n_train_after_sampling": 621,
  "epochs_ran": 28,
  "final_train_loss": 0.25235837813160844,
  "final_train_accuracy": 0.9114331723027376,
  "best_val_accuracy": 0.8405797101449275,
  "final_val_accuracy": 0.8405797101449275,
  "val_loss": 0.3400532603263855,
  "history_path": "/kaggle/working/assignment3_outputs/histories/australian_mlp_weighted_bce_fold08_history.csv",
  "checkpoint_path": "/kaggle/working/assignment3_outputs/models/australian_mlp_weighted_bce_fold08.pt",
  "feature_count_after_preprocessing": 29,
  "feature_names_path": "/kaggle/working/assignment3_outputs/models/australian_mlp_weighted_bce_fold08_features.json",
  "runtime_seconds": 4.8934571743011475,
  "accuracy": 0.8405797101449275,
  "sensitivity": 0.9032258064516129,
  "specificity": 0.7894736842105263,
  "precision": 0.7777777777777778,
  "f1": 0.835820895522388,
  "balanced_accuracy": 0.8463497453310695,
  "tp": 28,
  "tn": 30,
  "fp": 8,
  "fn": 3,
  "roc_auc": 0.9482173174872666,
  "pr_auc": 0.947768247518104
}