{
  "dataset": "australian",
  "model": "gru",
  "condition": "focal_loss",
  "fold_id": 10,
  "status": "success",
  "n_train": 621,
  "n_val": 69,
  "n_train_after_sampling": 621,
  "epochs_ran": 32,
  "final_train_loss": 0.05019932459206013,
  "final_train_accuracy": 0.8309178743961353,
  "best_val_accuracy": 0.9130434782608695,
  "final_val_accuracy": 0.855072463768116,
  "val_loss": 0.03917745128273964,
  "history_path": "/kaggle/working/assignment3_outputs/histories/australian_gru_focal_loss_fold10_history.csv",
  "checkpoint_path": null,
  "feature_count_after_preprocessing": 29,
  "feature_names_path": "/kaggle/working/assignment3_outputs/models/australian_gru_focal_loss_fold10_features.json",
  "runtime_seconds": 3.952387809753418,
  "accuracy": 0.855072463768116,
  "sensitivity": 0.8387096774193549,
  "specificity": 0.868421052631579,
  "precision": 0.8387096774193549,
  "f1": 0.8387096774193549,
  "balanced_accuracy": 0.8535653650254669,
  "tp": 26,
  "tn": 33,
  "fp": 5,
  "fn": 5,
  "roc_auc": 0.9422750424448217,
  "pr_auc": 0.939146795368889
}