{
  "dataset": "australian",
  "model": "lstm",
  "condition": "weighted_bce",
  "fold_id": 8,
  "status": "success",
  "n_train": 621,
  "n_val": 69,
  "n_train_after_sampling": 621,
  "epochs_ran": 22,
  "final_train_loss": 0.5656309225708966,
  "final_train_accuracy": 0.7584541062801933,
  "best_val_accuracy": 0.8260869565217391,
  "final_val_accuracy": 0.8115942028985508,
  "val_loss": 0.5440168976783752,
  "history_path": "/kaggle/working/assignment3_outputs/histories/australian_lstm_weighted_bce_fold08_history.csv",
  "checkpoint_path": null,
  "feature_count_after_preprocessing": 29,
  "feature_names_path": "/kaggle/working/assignment3_outputs/models/australian_lstm_weighted_bce_fold08_features.json",
  "runtime_seconds": 2.705883264541626,
  "accuracy": 0.8115942028985508,
  "sensitivity": 0.8064516129032258,
  "specificity": 0.8157894736842105,
  "precision": 0.78125,
  "f1": 0.7936507936507936,
  "balanced_accuracy": 0.8111205432937181,
  "tp": 25,
  "tn": 31,
  "fp": 7,
  "fn": 6,
  "roc_auc": 0.8552631578947368,
  "pr_auc": 0.8462309050419734
}