{
  "dataset": "australian",
  "model": "lstm",
  "condition": "baseline",
  "fold_id": 10,
  "status": "success",
  "n_train": 621,
  "n_val": 69,
  "n_train_after_sampling": 621,
  "epochs_ran": 26,
  "final_train_loss": 0.4854038382689926,
  "final_train_accuracy": 0.7648953301127214,
  "best_val_accuracy": 0.8260869565217391,
  "final_val_accuracy": 0.7971014492753623,
  "val_loss": 0.4161831736564636,
  "history_path": "/kaggle/working/assignment3_outputs/histories/australian_lstm_baseline_fold10_history.csv",
  "checkpoint_path": null,
  "feature_count_after_preprocessing": 29,
  "feature_names_path": "/kaggle/working/assignment3_outputs/models/australian_lstm_baseline_fold10_features.json",
  "runtime_seconds": 3.1354730129241943,
  "accuracy": 0.7971014492753623,
  "sensitivity": 0.7741935483870968,
  "specificity": 0.8157894736842105,
  "precision": 0.7741935483870968,
  "f1": 0.7741935483870968,
  "balanced_accuracy": 0.7949915110356536,
  "tp": 24,
  "tn": 31,
  "fp": 7,
  "fn": 7,
  "roc_auc": 0.8989813242784381,
  "pr_auc": 0.8863398550719978
}