{
  "dataset": "australian",
  "model": "gru",
  "condition": "focal_loss",
  "fold_id": 7,
  "status": "success",
  "n_train": 621,
  "n_val": 69,
  "n_train_after_sampling": 621,
  "val_loss": 0.06962107121944427,
  "history_path": "/kaggle/working/assignment3_outputs/histories/australian_gru_focal_loss_fold07_history.csv",
  "checkpoint_path": null,
  "feature_count_after_preprocessing": 29,
  "feature_names_path": "/kaggle/working/assignment3_outputs/models/australian_gru_focal_loss_fold07_features.json",
  "runtime_seconds": 1.7869184017181396,
  "accuracy": 0.7391304347826086,
  "sensitivity": 0.7096774193548387,
  "specificity": 0.7631578947368421,
  "precision": 0.7096774193548387,
  "f1": 0.7096774193548387,
  "balanced_accuracy": 0.7364176570458405,
  "tp": 22,
  "tn": 29,
  "fp": 9,
  "fn": 9,
  "roc_auc": 0.7869269949066214,
  "pr_auc": 0.7994406905186606
}