{
  "dataset": "australian",
  "model": "gru",
  "condition": "smoteenn",
  "fold_id": 5,
  "status": "success",
  "n_train": 621,
  "n_val": 69,
  "n_train_after_sampling": 463,
  "epochs_ran": 9,
  "final_train_loss": 0.35643494579755974,
  "final_train_accuracy": 0.8444924406047516,
  "best_val_accuracy": 0.7246376811594203,
  "final_val_accuracy": 0.6521739130434783,
  "val_loss": 0.5775765776634216,
  "history_path": "/kaggle/working/assignment3_outputs/histories/australian_gru_smoteenn_fold05_history.csv",
  "checkpoint_path": null,
  "feature_count_after_preprocessing": 29,
  "feature_names_path": "/kaggle/working/assignment3_outputs/models/australian_gru_smoteenn_fold05_features.json",
  "runtime_seconds": 1.1661715507507324,
  "accuracy": 0.6521739130434783,
  "sensitivity": 0.5483870967741935,
  "specificity": 0.7368421052631579,
  "precision": 0.6296296296296297,
  "f1": 0.5862068965517241,
  "balanced_accuracy": 0.6426146010186757,
  "tp": 17,
  "tn": 28,
  "fp": 10,
  "fn": 14,
  "roc_auc": 0.7792869269949065,
  "pr_auc": 0.7052906340275197
}