{
  "dataset": "australian",
  "model": "mlp",
  "condition": "weighted_bce",
  "fold_id": 9,
  "status": "success",
  "n_train": 621,
  "n_val": 69,
  "n_train_after_sampling": 621,
  "epochs_ran": 8,
  "final_train_loss": 0.33041255380028495,
  "final_train_accuracy": 0.8840579710144928,
  "best_val_accuracy": 0.8405797101449275,
  "final_val_accuracy": 0.8405797101449275,
  "val_loss": 0.43250390887260437,
  "history_path": "/kaggle/working/assignment3_outputs/histories/australian_mlp_weighted_bce_fold09_history.csv",
  "checkpoint_path": "/kaggle/working/assignment3_outputs/models/australian_mlp_weighted_bce_fold09.pt",
  "feature_count_after_preprocessing": 29,
  "feature_names_path": "/kaggle/working/assignment3_outputs/models/australian_mlp_weighted_bce_fold09_features.json",
  "runtime_seconds": 1.6085686683654785,
  "accuracy": 0.8405797101449275,
  "sensitivity": 0.8387096774193549,
  "specificity": 0.8421052631578947,
  "precision": 0.8125,
  "f1": 0.8253968253968254,
  "balanced_accuracy": 0.8404074702886248,
  "tp": 26,
  "tn": 32,
  "fp": 6,
  "fn": 5,
  "roc_auc": 0.8998302207130731,
  "pr_auc": 0.9104824931587715
}