{
  "dataset": "australian",
  "model": "gru",
  "condition": "weighted_bce",
  "fold_id": 8,
  "status": "success",
  "n_train": 621,
  "n_val": 69,
  "n_train_after_sampling": 621,
  "epochs_ran": 19,
  "final_train_loss": 0.5495372782198895,
  "final_train_accuracy": 0.7584541062801933,
  "best_val_accuracy": 0.8115942028985508,
  "final_val_accuracy": 0.782608695652174,
  "val_loss": 0.5220019221305847,
  "history_path": "/kaggle/working/assignment3_outputs/histories/australian_gru_weighted_bce_fold08_history.csv",
  "checkpoint_path": null,
  "feature_count_after_preprocessing": 29,
  "feature_names_path": "/kaggle/working/assignment3_outputs/models/australian_gru_weighted_bce_fold08_features.json",
  "runtime_seconds": 2.24753475189209,
  "accuracy": 0.782608695652174,
  "sensitivity": 0.8387096774193549,
  "specificity": 0.7368421052631579,
  "precision": 0.7222222222222222,
  "f1": 0.7761194029850746,
  "balanced_accuracy": 0.7877758913412564,
  "tp": 26,
  "tn": 28,
  "fp": 10,
  "fn": 5,
  "roc_auc": 0.8590831918505942,
  "pr_auc": 0.8508206611628062
}