{
  "dataset": "australian",
  "model": "lstm",
  "condition": "focal_loss",
  "fold_id": 4,
  "status": "success",
  "n_train": 621,
  "n_val": 69,
  "n_train_after_sampling": 621,
  "val_loss": 0.07915875315666199,
  "history_path": "/kaggle/working/assignment3_outputs/histories/australian_lstm_focal_loss_fold04_history.csv",
  "checkpoint_path": null,
  "feature_count_after_preprocessing": 29,
  "feature_names_path": "/kaggle/working/assignment3_outputs/models/australian_lstm_focal_loss_fold04_features.json",
  "runtime_seconds": 1.4749391078948975,
  "accuracy": 0.6956521739130435,
  "sensitivity": 0.5483870967741935,
  "specificity": 0.8157894736842105,
  "precision": 0.7083333333333334,
  "f1": 0.6181818181818182,
  "balanced_accuracy": 0.6820882852292021,
  "tp": 17,
  "tn": 31,
  "fp": 7,
  "fn": 14,
  "roc_auc": 0.7279286926994908,
  "pr_auc": 0.6546759044454513
}