{
  "dataset": "australian",
  "model": "mlp",
  "condition": "weighted_bce",
  "fold_id": 4,
  "status": "success",
  "n_train": 621,
  "n_val": 69,
  "n_train_after_sampling": 621,
  "epochs_ran": 8,
  "final_train_loss": 0.3194921272004476,
  "final_train_accuracy": 0.895330112721417,
  "best_val_accuracy": 0.8115942028985508,
  "final_val_accuracy": 0.7681159420289855,
  "val_loss": 0.5825217366218567,
  "history_path": "/kaggle/working/assignment3_outputs/histories/australian_mlp_weighted_bce_fold04_history.csv",
  "checkpoint_path": "/kaggle/working/assignment3_outputs/models/australian_mlp_weighted_bce_fold04.pt",
  "feature_count_after_preprocessing": 29,
  "feature_names_path": "/kaggle/working/assignment3_outputs/models/australian_mlp_weighted_bce_fold04_features.json",
  "runtime_seconds": 1.587522268295288,
  "accuracy": 0.7681159420289855,
  "sensitivity": 0.6774193548387096,
  "specificity": 0.8421052631578947,
  "precision": 0.7777777777777778,
  "f1": 0.7241379310344828,
  "balanced_accuracy": 0.7597623089983021,
  "tp": 21,
  "tn": 32,
  "fp": 6,
  "fn": 10,
  "roc_auc": 0.8365874363327673,
  "pr_auc": 0.8230168986453267
}