{
  "dataset": "australian",
  "model": "lstm",
  "condition": "focal_loss",
  "fold_id": 5,
  "status": "success",
  "n_train": 621,
  "n_val": 69,
  "n_train_after_sampling": 621,
  "val_loss": 0.06758981198072433,
  "history_path": "/kaggle/working/assignment3_outputs/histories/australian_lstm_focal_loss_fold05_history.csv",
  "checkpoint_path": null,
  "feature_count_after_preprocessing": 29,
  "feature_names_path": "/kaggle/working/assignment3_outputs/models/australian_lstm_focal_loss_fold05_features.json",
  "runtime_seconds": 2.9116036891937256,
  "accuracy": 0.7971014492753623,
  "sensitivity": 0.7419354838709677,
  "specificity": 0.8421052631578947,
  "precision": 0.7931034482758621,
  "f1": 0.7666666666666667,
  "balanced_accuracy": 0.7920203735144312,
  "tp": 23,
  "tn": 32,
  "fp": 6,
  "fn": 8,
  "roc_auc": 0.8174872665534805,
  "pr_auc": 0.7688949680801873
}