{
  "dataset": "australian",
  "model": "gru",
  "condition": "smoteenn",
  "fold_id": 4,
  "status": "success",
  "n_train": 621,
  "n_val": 69,
  "n_train_after_sampling": 468,
  "epochs_ran": 7,
  "final_train_loss": 0.5525512555216112,
  "final_train_accuracy": 0.7243589743589743,
  "best_val_accuracy": 0.6956521739130435,
  "final_val_accuracy": 0.6956521739130435,
  "val_loss": 0.6299645304679871,
  "history_path": "/kaggle/working/assignment3_outputs/histories/australian_gru_smoteenn_fold04_history.csv",
  "checkpoint_path": null,
  "feature_count_after_preprocessing": 29,
  "feature_names_path": "/kaggle/working/assignment3_outputs/models/australian_gru_smoteenn_fold04_features.json",
  "runtime_seconds": 0.9760773181915283,
  "accuracy": 0.6956521739130435,
  "sensitivity": 0.5161290322580645,
  "specificity": 0.8421052631578947,
  "precision": 0.7272727272727273,
  "f1": 0.6037735849056604,
  "balanced_accuracy": 0.6791171477079796,
  "tp": 16,
  "tn": 32,
  "fp": 6,
  "fn": 15,
  "roc_auc": 0.7249575551782683,
  "pr_auc": 0.6497752932446266
}