{
  "dataset": "australian",
  "model": "lstm",
  "condition": "smoteenn",
  "fold_id": 3,
  "status": "success",
  "n_train": 621,
  "n_val": 69,
  "n_train_after_sampling": 440,
  "epochs_ran": 30,
  "final_train_loss": 0.21796907565810464,
  "final_train_accuracy": 0.9181818181818182,
  "best_val_accuracy": 0.927536231884058,
  "final_val_accuracy": 0.927536231884058,
  "val_loss": 0.23225198686122894,
  "history_path": "/kaggle/working/assignment3_outputs/histories/australian_lstm_smoteenn_fold03_history.csv",
  "checkpoint_path": null,
  "feature_count_after_preprocessing": 29,
  "feature_names_path": "/kaggle/working/assignment3_outputs/models/australian_lstm_smoteenn_fold03_features.json",
  "runtime_seconds": 2.7965097427368164,
  "accuracy": 0.927536231884058,
  "sensitivity": 0.9,
  "specificity": 0.9487179487179487,
  "precision": 0.9310344827586207,
  "f1": 0.9152542372881356,
  "balanced_accuracy": 0.9243589743589744,
  "tp": 27,
  "tn": 37,
  "fp": 2,
  "fn": 3,
  "roc_auc": 0.9696581196581197,
  "pr_auc": 0.9431987423630359
}