{
  "dataset": "australian",
  "model": "gru",
  "condition": "smoteenn",
  "fold_id": 9,
  "status": "success",
  "n_train": 621,
  "n_val": 69,
  "n_train_after_sampling": 459,
  "val_loss": 0.5516272783279419,
  "history_path": "/kaggle/working/assignment3_outputs/histories/australian_gru_smoteenn_fold09_history.csv",
  "checkpoint_path": null,
  "feature_count_after_preprocessing": 29,
  "feature_names_path": "/kaggle/working/assignment3_outputs/models/australian_gru_smoteenn_fold09_features.json",
  "runtime_seconds": 1.148902177810669,
  "accuracy": 0.6956521739130435,
  "sensitivity": 0.6129032258064516,
  "specificity": 0.7631578947368421,
  "precision": 0.6785714285714286,
  "f1": 0.6440677966101694,
  "balanced_accuracy": 0.6880305602716469,
  "tp": 19,
  "tn": 29,
  "fp": 9,
  "fn": 12,
  "roc_auc": 0.7699490662139219,
  "pr_auc": 0.8001865642826809
}