{
  "dataset": "australian",
  "model": "gru",
  "condition": "baseline",
  "fold_id": 7,
  "status": "success",
  "n_train": 621,
  "n_val": 69,
  "n_train_after_sampling": 621,
  "epochs_ran": 9,
  "final_train_loss": 0.5071054330386593,
  "final_train_accuracy": 0.7648953301127214,
  "best_val_accuracy": 0.7391304347826086,
  "final_val_accuracy": 0.7246376811594203,
  "val_loss": 0.5634781718254089,
  "history_path": "/kaggle/working/assignment3_outputs/histories/australian_gru_baseline_fold07_history.csv",
  "checkpoint_path": null,
  "feature_count_after_preprocessing": 29,
  "feature_names_path": "/kaggle/working/assignment3_outputs/models/australian_gru_baseline_fold07_features.json",
  "runtime_seconds": 1.1726274490356445,
  "accuracy": 0.7246376811594203,
  "sensitivity": 0.5483870967741935,
  "specificity": 0.868421052631579,
  "precision": 0.7727272727272727,
  "f1": 0.6415094339622641,
  "balanced_accuracy": 0.7084040747028862,
  "tp": 17,
  "tn": 33,
  "fp": 5,
  "fn": 14,
  "roc_auc": 0.7330220713073006,
  "pr_auc": 0.7608295064558084
}