{
  "dataset": "australian",
  "model": "lstm",
  "condition": "baseline",
  "fold_id": 6,
  "status": "success",
  "n_train": 621,
  "n_val": 69,
  "n_train_after_sampling": 621,
  "val_loss": 0.4042969048023224,
  "history_path": "/kaggle/working/assignment3_outputs/histories/australian_lstm_baseline_fold06_history.csv",
  "checkpoint_path": null,
  "feature_count_after_preprocessing": 29,
  "feature_names_path": "/kaggle/working/assignment3_outputs/models/australian_lstm_baseline_fold06_features.json",
  "runtime_seconds": 4.1119983196258545,
  "accuracy": 0.8405797101449275,
  "sensitivity": 0.7741935483870968,
  "specificity": 0.8947368421052632,
  "precision": 0.8571428571428571,
  "f1": 0.8135593220338984,
  "balanced_accuracy": 0.8344651952461799,
  "tp": 24,
  "tn": 34,
  "fp": 4,
  "fn": 7,
  "roc_auc": 0.9117147707979627,
  "pr_auc": 0.8927582242087178
}