{
  "dataset": "australian",
  "model": "mlp",
  "condition": "smoteenn",
  "fold_id": 10,
  "status": "success",
  "n_train": 621,
  "n_val": 69,
  "n_train_after_sampling": 442,
  "epochs_ran": 9,
  "final_train_loss": 0.03249104720502417,
  "final_train_accuracy": 0.9909502262443439,
  "best_val_accuracy": 0.927536231884058,
  "final_val_accuracy": 0.9130434782608695,
  "val_loss": 0.295049250125885,
  "history_path": "/kaggle/working/assignment3_outputs/histories/australian_mlp_smoteenn_fold10_history.csv",
  "checkpoint_path": "/kaggle/working/assignment3_outputs/models/australian_mlp_smoteenn_fold10.pt",
  "feature_count_after_preprocessing": 29,
  "feature_names_path": "/kaggle/working/assignment3_outputs/models/australian_mlp_smoteenn_fold10_features.json",
  "runtime_seconds": 1.4561126232147217,
  "accuracy": 0.9130434782608695,
  "sensitivity": 0.9032258064516129,
  "specificity": 0.9210526315789473,
  "precision": 0.9032258064516129,
  "f1": 0.9032258064516129,
  "balanced_accuracy": 0.9121392190152802,
  "tp": 28,
  "tn": 35,
  "fp": 3,
  "fn": 3,
  "roc_auc": 0.952037351443124,
  "pr_auc": 0.942493452575556
}