{
  "dataset": "australian",
  "model": "lstm",
  "condition": "smoteenn",
  "fold_id": 10,
  "status": "success",
  "n_train": 621,
  "n_val": 69,
  "n_train_after_sampling": 442,
  "val_loss": 0.41662195324897766,
  "history_path": "/kaggle/working/assignment3_outputs/histories/australian_lstm_smoteenn_fold10_history.csv",
  "checkpoint_path": null,
  "feature_count_after_preprocessing": 29,
  "feature_names_path": "/kaggle/working/assignment3_outputs/models/australian_lstm_smoteenn_fold10_features.json",
  "runtime_seconds": 1.5292701721191406,
  "accuracy": 0.8405797101449275,
  "sensitivity": 0.7419354838709677,
  "specificity": 0.9210526315789473,
  "precision": 0.8846153846153846,
  "f1": 0.8070175438596491,
  "balanced_accuracy": 0.8314940577249575,
  "tp": 23,
  "tn": 35,
  "fp": 3,
  "fn": 8,
  "roc_auc": 0.8964346349745331,
  "pr_auc": 0.8916500840226751
}