{
  "dataset": "australian",
  "model": "gru",
  "condition": "baseline",
  "fold_id": 2,
  "status": "success",
  "n_train": 621,
  "n_val": 69,
  "n_train_after_sampling": 621,
  "epochs_ran": 10,
  "final_train_loss": 0.507175933767632,
  "final_train_accuracy": 0.7552334943639292,
  "best_val_accuracy": 0.7246376811594203,
  "final_val_accuracy": 0.7101449275362319,
  "val_loss": 0.5889279246330261,
  "history_path": "/kaggle/working/assignment3_outputs/histories/australian_gru_baseline_fold02_history.csv",
  "checkpoint_path": null,
  "feature_count_after_preprocessing": 29,
  "feature_names_path": "/kaggle/working/assignment3_outputs/models/australian_gru_baseline_fold02_features.json",
  "runtime_seconds": 1.3101696968078613,
  "accuracy": 0.7101449275362319,
  "sensitivity": 0.5666666666666667,
  "specificity": 0.8205128205128205,
  "precision": 0.7083333333333334,
  "f1": 0.6296296296296297,
  "balanced_accuracy": 0.6935897435897436,
  "tp": 17,
  "tn": 32,
  "fp": 7,
  "fn": 13,
  "roc_auc": 0.7692307692307693,
  "pr_auc": 0.6947263549073184
}