{
  "dataset": "australian",
  "model": "lstm",
  "condition": "weighted_bce",
  "fold_id": 3,
  "status": "success",
  "n_train": 621,
  "n_val": 69,
  "n_train_after_sampling": 621,
  "epochs_ran": 26,
  "final_train_loss": 0.5457027351990607,
  "final_train_accuracy": 0.7616747181964574,
  "best_val_accuracy": 0.9420289855072463,
  "final_val_accuracy": 0.9420289855072463,
  "val_loss": 0.3287443518638611,
  "history_path": "/kaggle/working/assignment3_outputs/histories/australian_lstm_weighted_bce_fold03_history.csv",
  "checkpoint_path": null,
  "feature_count_after_preprocessing": 29,
  "feature_names_path": "/kaggle/working/assignment3_outputs/models/australian_lstm_weighted_bce_fold03_features.json",
  "runtime_seconds": 3.0800695419311523,
  "accuracy": 0.9420289855072463,
  "sensitivity": 0.9666666666666667,
  "specificity": 0.9230769230769231,
  "precision": 0.90625,
  "f1": 0.9354838709677419,
  "balanced_accuracy": 0.9448717948717948,
  "tp": 29,
  "tn": 36,
  "fp": 3,
  "fn": 1,
  "roc_auc": 0.9717948717948718,
  "pr_auc": 0.9484913356717583
}