{
  "dataset": "australian",
  "model": "lstm",
  "condition": "smoteenn",
  "fold_id": 2,
  "status": "success",
  "n_train": 621,
  "n_val": 69,
  "n_train_after_sampling": 448,
  "epochs_ran": 16,
  "final_train_loss": 0.3173549324274063,
  "final_train_accuracy": 0.875,
  "best_val_accuracy": 0.7536231884057971,
  "final_val_accuracy": 0.7391304347826086,
  "val_loss": 0.5899357795715332,
  "history_path": "/kaggle/working/assignment3_outputs/histories/australian_lstm_smoteenn_fold02_history.csv",
  "checkpoint_path": null,
  "feature_count_after_preprocessing": 29,
  "feature_names_path": "/kaggle/working/assignment3_outputs/models/australian_lstm_smoteenn_fold02_features.json",
  "runtime_seconds": 1.6644413471221924,
  "accuracy": 0.7391304347826086,
  "sensitivity": 0.6333333333333333,
  "specificity": 0.8205128205128205,
  "precision": 0.7307692307692307,
  "f1": 0.6785714285714286,
  "balanced_accuracy": 0.7269230769230769,
  "tp": 19,
  "tn": 32,
  "fp": 7,
  "fn": 11,
  "roc_auc": 0.7512820512820513,
  "pr_auc": 0.6691476269956963
}