{
  "dataset": "australian",
  "model": "mlp",
  "condition": "smoteenn",
  "fold_id": 3,
  "status": "success",
  "n_train": 621,
  "n_val": 69,
  "n_train_after_sampling": 440,
  "epochs_ran": 9,
  "final_train_loss": 0.03455399919978597,
  "final_train_accuracy": 0.9931818181818182,
  "best_val_accuracy": 0.927536231884058,
  "final_val_accuracy": 0.9130434782608695,
  "val_loss": 0.25741487741470337,
  "history_path": "/kaggle/working/assignment3_outputs/histories/australian_mlp_smoteenn_fold03_history.csv",
  "checkpoint_path": "/kaggle/working/assignment3_outputs/models/australian_mlp_smoteenn_fold03.pt",
  "feature_count_after_preprocessing": 29,
  "feature_names_path": "/kaggle/working/assignment3_outputs/models/australian_mlp_smoteenn_fold03_features.json",
  "runtime_seconds": 1.4635553359985352,
  "accuracy": 0.9130434782608695,
  "sensitivity": 1.0,
  "specificity": 0.8461538461538461,
  "precision": 0.8333333333333334,
  "f1": 0.9090909090909091,
  "balanced_accuracy": 0.9230769230769231,
  "tp": 30,
  "tn": 33,
  "fp": 6,
  "fn": 0,
  "roc_auc": 0.9683760683760684,
  "pr_auc": 0.9462823480378723
}