{
  "dataset": "australian",
  "model": "lstm",
  "condition": "smoteenn",
  "fold_id": 7,
  "status": "success",
  "n_train": 621,
  "n_val": 69,
  "n_train_after_sampling": 458,
  "epochs_ran": 11,
  "final_train_loss": 0.3775508986810409,
  "final_train_accuracy": 0.8406113537117904,
  "best_val_accuracy": 0.7391304347826086,
  "final_val_accuracy": 0.7101449275362319,
  "val_loss": 0.5638836026191711,
  "history_path": "/kaggle/working/assignment3_outputs/histories/australian_lstm_smoteenn_fold07_history.csv",
  "checkpoint_path": null,
  "feature_count_after_preprocessing": 29,
  "feature_names_path": "/kaggle/working/assignment3_outputs/models/australian_lstm_smoteenn_fold07_features.json",
  "runtime_seconds": 1.3459458351135254,
  "accuracy": 0.7101449275362319,
  "sensitivity": 0.6129032258064516,
  "specificity": 0.7894736842105263,
  "precision": 0.7037037037037037,
  "f1": 0.6551724137931034,
  "balanced_accuracy": 0.701188455008489,
  "tp": 19,
  "tn": 30,
  "fp": 8,
  "fn": 12,
  "roc_auc": 0.7555178268251272,
  "pr_auc": 0.7789168691290967
}