{
  "dataset": "australian",
  "model": "mlp",
  "condition": "smoteenn",
  "fold_id": 9,
  "status": "success",
  "n_train": 621,
  "n_val": 69,
  "n_train_after_sampling": 459,
  "epochs_ran": 8,
  "final_train_loss": 0.039403519248244936,
  "final_train_accuracy": 0.9825708061002179,
  "best_val_accuracy": 0.855072463768116,
  "final_val_accuracy": 0.8405797101449275,
  "val_loss": 0.384196400642395,
  "history_path": "/kaggle/working/assignment3_outputs/histories/australian_mlp_smoteenn_fold09_history.csv",
  "checkpoint_path": "/kaggle/working/assignment3_outputs/models/australian_mlp_smoteenn_fold09.pt",
  "feature_count_after_preprocessing": 29,
  "feature_names_path": "/kaggle/working/assignment3_outputs/models/australian_mlp_smoteenn_fold09_features.json",
  "runtime_seconds": 1.3922405242919922,
  "accuracy": 0.8405797101449275,
  "sensitivity": 0.8064516129032258,
  "specificity": 0.868421052631579,
  "precision": 0.8333333333333334,
  "f1": 0.819672131147541,
  "balanced_accuracy": 0.8374363327674024,
  "tp": 25,
  "tn": 33,
  "fp": 5,
  "fn": 6,
  "roc_auc": 0.8904923599320882,
  "pr_auc": 0.9113220085787722
}