{
  "dataset": "australian",
  "model": "lstm",
  "condition": "weighted_bce",
  "fold_id": 6,
  "status": "success",
  "n_train": 621,
  "n_val": 69,
  "n_train_after_sampling": 621,
  "epochs_ran": 22,
  "final_train_loss": 0.6123940398535674,
  "final_train_accuracy": 0.7359098228663447,
  "best_val_accuracy": 0.8115942028985508,
  "final_val_accuracy": 0.782608695652174,
  "val_loss": 0.5235418081283569,
  "history_path": "/kaggle/working/assignment3_outputs/histories/australian_lstm_weighted_bce_fold06_history.csv",
  "checkpoint_path": null,
  "feature_count_after_preprocessing": 29,
  "feature_names_path": "/kaggle/working/assignment3_outputs/models/australian_lstm_weighted_bce_fold06_features.json",
  "runtime_seconds": 2.6496336460113525,
  "accuracy": 0.782608695652174,
  "sensitivity": 0.6451612903225806,
  "specificity": 0.8947368421052632,
  "precision": 0.8333333333333334,
  "f1": 0.7272727272727273,
  "balanced_accuracy": 0.7699490662139219,
  "tp": 20,
  "tn": 34,
  "fp": 4,
  "fn": 11,
  "roc_auc": 0.8870967741935484,
  "pr_auc": 0.8824681009695858
}