{
  "dataset": "australian",
  "model": "lstm",
  "condition": "weighted_bce",
  "fold_id": 4,
  "status": "success",
  "n_train": 621,
  "n_val": 69,
  "n_train_after_sampling": 621,
  "epochs_ran": 18,
  "final_train_loss": 0.5508318540554692,
  "final_train_accuracy": 0.7648953301127214,
  "best_val_accuracy": 0.7246376811594203,
  "final_val_accuracy": 0.6666666666666666,
  "val_loss": 0.669144332408905,
  "history_path": "/kaggle/working/assignment3_outputs/histories/australian_lstm_weighted_bce_fold04_history.csv",
  "checkpoint_path": null,
  "feature_count_after_preprocessing": 29,
  "feature_names_path": "/kaggle/working/assignment3_outputs/models/australian_lstm_weighted_bce_fold04_features.json",
  "runtime_seconds": 2.2361748218536377,
  "accuracy": 0.6666666666666666,
  "sensitivity": 0.6129032258064516,
  "specificity": 0.7105263157894737,
  "precision": 0.6333333333333333,
  "f1": 0.6229508196721312,
  "balanced_accuracy": 0.6617147707979627,
  "tp": 19,
  "tn": 27,
  "fp": 11,
  "fn": 12,
  "roc_auc": 0.7461799660441426,
  "pr_auc": 0.6895991807246431
}