{
  "dataset": "australian",
  "model": "lstm",
  "condition": "focal_loss",
  "fold_id": 6,
  "status": "success",
  "n_train": 621,
  "n_val": 69,
  "n_train_after_sampling": 621,
  "val_loss": 0.05617827922105789,
  "history_path": "/kaggle/working/assignment3_outputs/histories/australian_lstm_focal_loss_fold06_history.csv",
  "checkpoint_path": null,
  "feature_count_after_preprocessing": 29,
  "feature_names_path": "/kaggle/working/assignment3_outputs/models/australian_lstm_focal_loss_fold06_features.json",
  "runtime_seconds": 3.6133320331573486,
  "accuracy": 0.7971014492753623,
  "sensitivity": 0.7741935483870968,
  "specificity": 0.8157894736842105,
  "precision": 0.7741935483870968,
  "f1": 0.7741935483870968,
  "balanced_accuracy": 0.7949915110356536,
  "tp": 24,
  "tn": 31,
  "fp": 7,
  "fn": 7,
  "roc_auc": 0.8870967741935484,
  "pr_auc": 0.8763486145392072
}