{
  "dataset": "australian",
  "model": "mlp",
  "condition": "baseline",
  "fold_id": 10,
  "status": "success",
  "n_train": 621,
  "n_val": 69,
  "n_train_after_sampling": 621,
  "epochs_ran": 19,
  "final_train_loss": 0.2676345042752375,
  "final_train_accuracy": 0.8904991948470209,
  "best_val_accuracy": 0.9565217391304348,
  "final_val_accuracy": 0.9565217391304348,
  "val_loss": 0.1872405707836151,
  "history_path": "/kaggle/working/assignment3_outputs/histories/australian_mlp_baseline_fold10_history.csv",
  "checkpoint_path": "/kaggle/working/assignment3_outputs/models/australian_mlp_baseline_fold10.pt",
  "feature_count_after_preprocessing": 29,
  "feature_names_path": "/kaggle/working/assignment3_outputs/models/australian_mlp_baseline_fold10_features.json",
  "runtime_seconds": 3.3806464672088623,
  "accuracy": 0.9565217391304348,
  "sensitivity": 0.9354838709677419,
  "specificity": 0.9736842105263158,
  "precision": 0.9666666666666667,
  "f1": 0.9508196721311475,
  "balanced_accuracy": 0.9545840407470289,
  "tp": 29,
  "tn": 37,
  "fp": 1,
  "fn": 2,
  "roc_auc": 0.9753820033955858,
  "pr_auc": 0.9754230164298777
}