{
  "dataset": "australian",
  "model": "gru",
  "condition": "baseline",
  "fold_id": 3,
  "status": "success",
  "n_train": 621,
  "n_val": 69,
  "n_train_after_sampling": 621,
  "val_loss": 0.295720636844635,
  "history_path": "/kaggle/working/assignment3_outputs/histories/australian_gru_baseline_fold03_history.csv",
  "checkpoint_path": null,
  "feature_count_after_preprocessing": 29,
  "feature_names_path": "/kaggle/working/assignment3_outputs/models/australian_gru_baseline_fold03_features.json",
  "runtime_seconds": 2.5057458877563477,
  "accuracy": 0.9420289855072463,
  "sensitivity": 0.9333333333333333,
  "specificity": 0.9487179487179487,
  "precision": 0.9333333333333333,
  "f1": 0.9333333333333333,
  "balanced_accuracy": 0.941025641025641,
  "tp": 28,
  "tn": 37,
  "fp": 2,
  "fn": 2,
  "roc_auc": 0.9696581196581197,
  "pr_auc": 0.9452400680120912
}