{
  "dataset": "australian",
  "model": "lstm",
  "condition": "focal_loss",
  "fold_id": 9,
  "status": "success",
  "n_train": 621,
  "n_val": 69,
  "n_train_after_sampling": 621,
  "val_loss": 0.0671987235546112,
  "history_path": "/kaggle/working/assignment3_outputs/histories/australian_lstm_focal_loss_fold09_history.csv",
  "checkpoint_path": null,
  "feature_count_after_preprocessing": 29,
  "feature_names_path": "/kaggle/working/assignment3_outputs/models/australian_lstm_focal_loss_fold09_features.json",
  "runtime_seconds": 2.2141146659851074,
  "accuracy": 0.7391304347826086,
  "sensitivity": 0.8064516129032258,
  "specificity": 0.6842105263157895,
  "precision": 0.6756756756756757,
  "f1": 0.7352941176470589,
  "balanced_accuracy": 0.7453310696095077,
  "tp": 25,
  "tn": 26,
  "fp": 12,
  "fn": 6,
  "roc_auc": 0.8056027164685908,
  "pr_auc": 0.8129120084462467
}