{
  "dataset": "australian",
  "model": "gru",
  "condition": "baseline",
  "fold_id": 9,
  "status": "success",
  "n_train": 621,
  "n_val": 69,
  "n_train_after_sampling": 621,
  "epochs_ran": 18,
  "final_train_loss": 0.4783506289772365,
  "final_train_accuracy": 0.789049919484702,
  "best_val_accuracy": 0.7681159420289855,
  "final_val_accuracy": 0.7246376811594203,
  "val_loss": 0.5220685601234436,
  "history_path": "/kaggle/working/assignment3_outputs/histories/australian_gru_baseline_fold09_history.csv",
  "checkpoint_path": null,
  "feature_count_after_preprocessing": 29,
  "feature_names_path": "/kaggle/working/assignment3_outputs/models/australian_gru_baseline_fold09_features.json",
  "runtime_seconds": 2.134190559387207,
  "accuracy": 0.7246376811594203,
  "sensitivity": 0.7096774193548387,
  "specificity": 0.7368421052631579,
  "precision": 0.6875,
  "f1": 0.6984126984126984,
  "balanced_accuracy": 0.7232597623089982,
  "tp": 22,
  "tn": 28,
  "fp": 10,
  "fn": 9,
  "roc_auc": 0.8073005093378608,
  "pr_auc": 0.8090519778287348
}