{
  "dataset": "australian",
  "model": "mlp",
  "condition": "focal_loss",
  "fold_id": 9,
  "status": "success",
  "n_train": 621,
  "n_val": 69,
  "n_train_after_sampling": 621,
  "epochs_ran": 11,
  "final_train_loss": 0.03773771798697071,
  "final_train_accuracy": 0.8792270531400966,
  "best_val_accuracy": 0.855072463768116,
  "final_val_accuracy": 0.8405797101449275,
  "val_loss": 0.05094718933105469,
  "history_path": "/kaggle/working/assignment3_outputs/histories/australian_mlp_focal_loss_fold09_history.csv",
  "checkpoint_path": "/kaggle/working/assignment3_outputs/models/australian_mlp_focal_loss_fold09.pt",
  "feature_count_after_preprocessing": 29,
  "feature_names_path": "/kaggle/working/assignment3_outputs/models/australian_mlp_focal_loss_fold09_features.json",
  "runtime_seconds": 2.2438437938690186,
  "accuracy": 0.8405797101449275,
  "sensitivity": 0.8709677419354839,
  "specificity": 0.8157894736842105,
  "precision": 0.7941176470588235,
  "f1": 0.8307692307692308,
  "balanced_accuracy": 0.8433786078098472,
  "tp": 27,
  "tn": 31,
  "fp": 7,
  "fn": 4,
  "roc_auc": 0.9074702886247877,
  "pr_auc": 0.9055522050074025
}