{
  "dataset": "australian",
  "model": "gru",
  "condition": "baseline",
  "fold_id": 10,
  "status": "success",
  "n_train": 621,
  "n_val": 69,
  "n_train_after_sampling": 621,
  "epochs_ran": 35,
  "final_train_loss": 0.40119978353597113,
  "final_train_accuracy": 0.8276972624798712,
  "best_val_accuracy": 0.8695652173913043,
  "final_val_accuracy": 0.8695652173913043,
  "val_loss": 0.3361123204231262,
  "history_path": "/kaggle/working/assignment3_outputs/histories/australian_gru_baseline_fold10_history.csv",
  "checkpoint_path": null,
  "feature_count_after_preprocessing": 29,
  "feature_names_path": "/kaggle/working/assignment3_outputs/models/australian_gru_baseline_fold10_features.json",
  "runtime_seconds": 3.939530372619629,
  "accuracy": 0.8695652173913043,
  "sensitivity": 0.9032258064516129,
  "specificity": 0.8421052631578947,
  "precision": 0.8235294117647058,
  "f1": 0.8615384615384616,
  "balanced_accuracy": 0.8726655348047538,
  "tp": 28,
  "tn": 32,
  "fp": 6,
  "fn": 3,
  "roc_auc": 0.934634974533107,
  "pr_auc": 0.9184897163217798
}