{
  "dataset": "australian",
  "model": "lstm",
  "condition": "focal_loss",
  "fold_id": 1,
  "status": "success",
  "n_train": 621,
  "n_val": 69,
  "n_train_after_sampling": 621,
  "epochs_ran": 19,
  "final_train_loss": 0.062344240333627,
  "final_train_accuracy": 0.789049919484702,
  "best_val_accuracy": 0.8695652173913043,
  "final_val_accuracy": 0.8695652173913043,
  "val_loss": 0.05102299526333809,
  "history_path": "/kaggle/working/assignment3_outputs/histories/australian_lstm_focal_loss_fold01_history.csv",
  "checkpoint_path": null,
  "feature_count_after_preprocessing": 29,
  "feature_names_path": "/kaggle/working/assignment3_outputs/models/australian_lstm_focal_loss_fold01_features.json",
  "runtime_seconds": 2.4042906761169434,
  "accuracy": 0.8695652173913043,
  "sensitivity": 0.8666666666666667,
  "specificity": 0.8717948717948718,
  "precision": 0.8387096774193549,
  "f1": 0.8524590163934426,
  "balanced_accuracy": 0.8692307692307693,
  "tp": 26,
  "tn": 34,
  "fp": 5,
  "fn": 4,
  "roc_auc": 0.9264957264957265,
  "pr_auc": 0.9090645157968303
}