{
  "dataset": "australian",
  "model": "gru",
  "condition": "baseline",
  "fold_id": 1,
  "status": "success",
  "n_train": 621,
  "n_val": 69,
  "n_train_after_sampling": 621,
  "epochs_ran": 35,
  "final_train_loss": 0.39132451867135826,
  "final_train_accuracy": 0.8260869565217391,
  "best_val_accuracy": 0.855072463768116,
  "final_val_accuracy": 0.855072463768116,
  "val_loss": 0.3350251317024231,
  "history_path": "/kaggle/working/assignment3_outputs/histories/australian_gru_baseline_fold01_history.csv",
  "checkpoint_path": null,
  "feature_count_after_preprocessing": 29,
  "feature_names_path": "/kaggle/working/assignment3_outputs/models/australian_gru_baseline_fold01_features.json",
  "runtime_seconds": 4.000417709350586,
  "accuracy": 0.855072463768116,
  "sensitivity": 0.8666666666666667,
  "specificity": 0.8461538461538461,
  "precision": 0.8125,
  "f1": 0.8387096774193549,
  "balanced_accuracy": 0.8564102564102565,
  "tp": 26,
  "tn": 33,
  "fp": 6,
  "fn": 4,
  "roc_auc": 0.9393162393162393,
  "pr_auc": 0.929876777072311
}