{
  "dataset": "australian",
  "model": "lstm",
  "condition": "focal_loss",
  "fold_id": 2,
  "status": "success",
  "n_train": 621,
  "n_val": 69,
  "n_train_after_sampling": 621,
  "epochs_ran": 15,
  "final_train_loss": 0.06650598178019271,
  "final_train_accuracy": 0.7359098228663447,
  "best_val_accuracy": 0.7101449275362319,
  "final_val_accuracy": 0.6666666666666666,
  "val_loss": 0.07274425774812698,
  "history_path": "/kaggle/working/assignment3_outputs/histories/australian_lstm_focal_loss_fold02_history.csv",
  "checkpoint_path": null,
  "feature_count_after_preprocessing": 29,
  "feature_names_path": "/kaggle/working/assignment3_outputs/models/australian_lstm_focal_loss_fold02_features.json",
  "runtime_seconds": 2.020275592803955,
  "accuracy": 0.6666666666666666,
  "sensitivity": 0.5666666666666667,
  "specificity": 0.7435897435897436,
  "precision": 0.6296296296296297,
  "f1": 0.5964912280701754,
  "balanced_accuracy": 0.6551282051282051,
  "tp": 17,
  "tn": 29,
  "fp": 10,
  "fn": 13,
  "roc_auc": 0.7726495726495726,
  "pr_auc": 0.6857871975490549
}