{
  "dataset": "australian",
  "model": "lstm",
  "condition": "smoteenn",
  "fold_id": 9,
  "status": "success",
  "n_train": 621,
  "n_val": 69,
  "n_train_after_sampling": 459,
  "epochs_ran": 8,
  "final_train_loss": 0.6932298843637271,
  "final_train_accuracy": 0.5206971677559913,
  "best_val_accuracy": 0.6521739130434783,
  "final_val_accuracy": 0.6521739130434783,
  "val_loss": 0.6308406591415405,
  "history_path": "/kaggle/working/assignment3_outputs/histories/australian_lstm_smoteenn_fold09_history.csv",
  "checkpoint_path": null,
  "feature_count_after_preprocessing": 29,
  "feature_names_path": "/kaggle/working/assignment3_outputs/models/australian_lstm_smoteenn_fold09_features.json",
  "runtime_seconds": 1.085754156112671,
  "accuracy": 0.6521739130434783,
  "sensitivity": 0.3225806451612903,
  "specificity": 0.9210526315789473,
  "precision": 0.7692307692307693,
  "f1": 0.45454545454545453,
  "balanced_accuracy": 0.6218166383701188,
  "tp": 10,
  "tn": 35,
  "fp": 3,
  "fn": 21,
  "roc_auc": 0.769100169779287,
  "pr_auc": 0.7558677179410394
}