{
  "dataset": "australian",
  "model": "gru",
  "condition": "focal_loss",
  "fold_id": 9,
  "status": "success",
  "n_train": 621,
  "n_val": 69,
  "n_train_after_sampling": 621,
  "epochs_ran": 34,
  "final_train_loss": 0.049323429993913176,
  "final_train_accuracy": 0.8260869565217391,
  "best_val_accuracy": 0.8405797101449275,
  "final_val_accuracy": 0.8405797101449275,
  "val_loss": 0.04963277280330658,
  "history_path": "/kaggle/working/assignment3_outputs/histories/australian_gru_focal_loss_fold09_history.csv",
  "checkpoint_path": null,
  "feature_count_after_preprocessing": 29,
  "feature_names_path": "/kaggle/working/assignment3_outputs/models/australian_gru_focal_loss_fold09_features.json",
  "runtime_seconds": 4.185648679733276,
  "accuracy": 0.8405797101449275,
  "sensitivity": 0.8064516129032258,
  "specificity": 0.868421052631579,
  "precision": 0.8333333333333334,
  "f1": 0.819672131147541,
  "balanced_accuracy": 0.8374363327674024,
  "tp": 25,
  "tn": 33,
  "fp": 5,
  "fn": 6,
  "roc_auc": 0.9074702886247878,
  "pr_auc": 0.9055308450544273
}