{
  "dataset": "australian",
  "model": "gru",
  "condition": "weighted_bce",
  "fold_id": 7,
  "status": "success",
  "n_train": 621,
  "n_val": 69,
  "n_train_after_sampling": 621,
  "epochs_ran": 9,
  "final_train_loss": 0.5855329038632281,
  "final_train_accuracy": 0.7536231884057971,
  "best_val_accuracy": 0.7536231884057971,
  "final_val_accuracy": 0.7101449275362319,
  "val_loss": 0.6361062526702881,
  "history_path": "/kaggle/working/assignment3_outputs/histories/australian_gru_weighted_bce_fold07_history.csv",
  "checkpoint_path": null,
  "feature_count_after_preprocessing": 29,
  "feature_names_path": "/kaggle/working/assignment3_outputs/models/australian_gru_weighted_bce_fold07_features.json",
  "runtime_seconds": 1.215223789215088,
  "accuracy": 0.7101449275362319,
  "sensitivity": 0.6451612903225806,
  "specificity": 0.7631578947368421,
  "precision": 0.6896551724137931,
  "f1": 0.6666666666666666,
  "balanced_accuracy": 0.7041595925297114,
  "tp": 20,
  "tn": 29,
  "fp": 9,
  "fn": 11,
  "roc_auc": 0.7376910016977929,
  "pr_auc": 0.7647499753161444
}