{
  "dataset": "australian",
  "model": "gru",
  "condition": "focal_loss",
  "fold_id": 4,
  "status": "success",
  "n_train": 621,
  "n_val": 69,
  "n_train_after_sampling": 621,
  "val_loss": 0.08041532337665558,
  "history_path": "/kaggle/working/assignment3_outputs/histories/australian_gru_focal_loss_fold04_history.csv",
  "checkpoint_path": null,
  "feature_count_after_preprocessing": 29,
  "feature_names_path": "/kaggle/working/assignment3_outputs/models/australian_gru_focal_loss_fold04_features.json",
  "runtime_seconds": 0.9526000022888184,
  "accuracy": 0.6666666666666666,
  "sensitivity": 0.5483870967741935,
  "specificity": 0.7631578947368421,
  "precision": 0.6538461538461539,
  "f1": 0.5964912280701754,
  "balanced_accuracy": 0.6557724957555178,
  "tp": 17,
  "tn": 29,
  "fp": 9,
  "fn": 14,
  "roc_auc": 0.7224108658743633,
  "pr_auc": 0.6522394039368162
}