{
  "dataset": "australian",
  "model": "gru",
  "condition": "focal_loss",
  "fold_id": 6,
  "status": "success",
  "n_train": 621,
  "n_val": 69,
  "n_train_after_sampling": 621,
  "val_loss": 0.042904097586870193,
  "history_path": "/kaggle/working/assignment3_outputs/histories/australian_gru_focal_loss_fold06_history.csv",
  "checkpoint_path": null,
  "feature_count_after_preprocessing": 29,
  "feature_names_path": "/kaggle/working/assignment3_outputs/models/australian_gru_focal_loss_fold06_features.json",
  "runtime_seconds": 4.273553133010864,
  "accuracy": 0.8840579710144928,
  "sensitivity": 0.8064516129032258,
  "specificity": 0.9473684210526315,
  "precision": 0.9259259259259259,
  "f1": 0.8620689655172413,
  "balanced_accuracy": 0.8769100169779287,
  "tp": 25,
  "tn": 36,
  "fp": 2,
  "fn": 6,
  "roc_auc": 0.931239388794567,
  "pr_auc": 0.9409764046486495
}