{
  "dataset": "australian",
  "model": "lstm",
  "condition": "weighted_bce",
  "fold_id": 7,
  "status": "success",
  "n_train": 621,
  "n_val": 69,
  "n_train_after_sampling": 621,
  "epochs_ran": 16,
  "final_train_loss": 0.5618054476145193,
  "final_train_accuracy": 0.7697262479871175,
  "best_val_accuracy": 0.7391304347826086,
  "final_val_accuracy": 0.7391304347826086,
  "val_loss": 0.6394681930541992,
  "history_path": "/kaggle/working/assignment3_outputs/histories/australian_lstm_weighted_bce_fold07_history.csv",
  "checkpoint_path": null,
  "feature_count_after_preprocessing": 29,
  "feature_names_path": "/kaggle/working/assignment3_outputs/models/australian_lstm_weighted_bce_fold07_features.json",
  "runtime_seconds": 2.045325994491577,
  "accuracy": 0.7391304347826086,
  "sensitivity": 0.6129032258064516,
  "specificity": 0.8421052631578947,
  "precision": 0.76,
  "f1": 0.6785714285714286,
  "balanced_accuracy": 0.7275042444821731,
  "tp": 19,
  "tn": 32,
  "fp": 6,
  "fn": 12,
  "roc_auc": 0.765704584040747,
  "pr_auc": 0.7825596860370863
}