{
  "dataset": "australian",
  "model": "lstm",
  "condition": "baseline",
  "fold_id": 1,
  "status": "success",
  "n_train": 621,
  "n_val": 69,
  "n_train_after_sampling": 621,
  "epochs_ran": 30,
  "final_train_loss": 0.49140770164664815,
  "final_train_accuracy": 0.7697262479871175,
  "best_val_accuracy": 0.8260869565217391,
  "final_val_accuracy": 0.8115942028985508,
  "val_loss": 0.4346641004085541,
  "history_path": "/kaggle/working/assignment3_outputs/histories/australian_lstm_baseline_fold01_history.csv",
  "checkpoint_path": null,
  "feature_count_after_preprocessing": 29,
  "feature_names_path": "/kaggle/working/assignment3_outputs/models/australian_lstm_baseline_fold01_features.json",
  "runtime_seconds": 3.983922243118286,
  "accuracy": 0.8115942028985508,
  "sensitivity": 0.7666666666666667,
  "specificity": 0.8461538461538461,
  "precision": 0.7931034482758621,
  "f1": 0.7796610169491526,
  "balanced_accuracy": 0.8064102564102564,
  "tp": 23,
  "tn": 33,
  "fp": 6,
  "fn": 7,
  "roc_auc": 0.8974358974358974,
  "pr_auc": 0.8660139042600351
}