{
  "dataset": "australian",
  "model": "mlp",
  "condition": "baseline",
  "fold_id": 7,
  "status": "success",
  "n_train": 621,
  "n_val": 69,
  "n_train_after_sampling": 621,
  "epochs_ran": 9,
  "final_train_loss": 0.2967408653618633,
  "final_train_accuracy": 0.8872785829307569,
  "best_val_accuracy": 0.8115942028985508,
  "final_val_accuracy": 0.7536231884057971,
  "val_loss": 0.4630427658557892,
  "history_path": "/kaggle/working/assignment3_outputs/histories/australian_mlp_baseline_fold07_history.csv",
  "checkpoint_path": "/kaggle/working/assignment3_outputs/models/australian_mlp_baseline_fold07.pt",
  "feature_count_after_preprocessing": 29,
  "feature_names_path": "/kaggle/working/assignment3_outputs/models/australian_mlp_baseline_fold07_features.json",
  "runtime_seconds": 1.7858998775482178,
  "accuracy": 0.7536231884057971,
  "sensitivity": 0.5806451612903226,
  "specificity": 0.8947368421052632,
  "precision": 0.8181818181818182,
  "f1": 0.6792452830188679,
  "balanced_accuracy": 0.7376910016977929,
  "tp": 18,
  "tn": 34,
  "fp": 4,
  "fn": 13,
  "roc_auc": 0.9049235993208828,
  "pr_auc": 0.8822116780830983
}