{
  "dataset": "australian",
  "model": "lstm",
  "condition": "smoteenn",
  "fold_id": 4,
  "status": "success",
  "n_train": 621,
  "n_val": 69,
  "n_train_after_sampling": 468,
  "epochs_ran": 20,
  "final_train_loss": 0.459554285575182,
  "final_train_accuracy": 0.7905982905982906,
  "best_val_accuracy": 0.7101449275362319,
  "final_val_accuracy": 0.6811594202898551,
  "val_loss": 0.627828061580658,
  "history_path": "/kaggle/working/assignment3_outputs/histories/australian_lstm_smoteenn_fold04_history.csv",
  "checkpoint_path": null,
  "feature_count_after_preprocessing": 29,
  "feature_names_path": "/kaggle/working/assignment3_outputs/models/australian_lstm_smoteenn_fold04_features.json",
  "runtime_seconds": 2.162490129470825,
  "accuracy": 0.6811594202898551,
  "sensitivity": 0.4838709677419355,
  "specificity": 0.8421052631578947,
  "precision": 0.7142857142857143,
  "f1": 0.5769230769230769,
  "balanced_accuracy": 0.6629881154499151,
  "tp": 15,
  "tn": 32,
  "fp": 6,
  "fn": 16,
  "roc_auc": 0.7359932088285229,
  "pr_auc": 0.6624427922589743
}