{
  "dataset": "australian",
  "model": "lstm",
  "condition": "baseline",
  "fold_id": 2,
  "status": "success",
  "n_train": 621,
  "n_val": 69,
  "n_train_after_sampling": 621,
  "val_loss": 0.5588201880455017,
  "history_path": "/kaggle/working/assignment3_outputs/histories/australian_lstm_baseline_fold02_history.csv",
  "checkpoint_path": null,
  "feature_count_after_preprocessing": 29,
  "feature_names_path": "/kaggle/working/assignment3_outputs/models/australian_lstm_baseline_fold02_features.json",
  "runtime_seconds": 1.592496395111084,
  "accuracy": 0.7536231884057971,
  "sensitivity": 0.5333333333333333,
  "specificity": 0.9230769230769231,
  "precision": 0.8421052631578947,
  "f1": 0.6530612244897959,
  "balanced_accuracy": 0.7282051282051283,
  "tp": 16,
  "tn": 36,
  "fp": 3,
  "fn": 14,
  "roc_auc": 0.7888888888888888,
  "pr_auc": 0.7562974048350884
}