{
  "dataset": "australian",
  "model": "gru",
  "condition": "weighted_bce",
  "fold_id": 5,
  "status": "success",
  "n_train": 621,
  "n_val": 69,
  "n_train_after_sampling": 621,
  "epochs_ran": 30,
  "final_train_loss": 0.5056659957444994,
  "final_train_accuracy": 0.7922705314009661,
  "best_val_accuracy": 0.782608695652174,
  "final_val_accuracy": 0.782608695652174,
  "val_loss": 0.5711293816566467,
  "history_path": "/kaggle/working/assignment3_outputs/histories/australian_gru_weighted_bce_fold05_history.csv",
  "checkpoint_path": null,
  "feature_count_after_preprocessing": 29,
  "feature_names_path": "/kaggle/working/assignment3_outputs/models/australian_gru_weighted_bce_fold05_features.json",
  "runtime_seconds": 3.49971079826355,
  "accuracy": 0.782608695652174,
  "sensitivity": 0.8387096774193549,
  "specificity": 0.7368421052631579,
  "precision": 0.7222222222222222,
  "f1": 0.7761194029850746,
  "balanced_accuracy": 0.7877758913412564,
  "tp": 26,
  "tn": 28,
  "fp": 10,
  "fn": 5,
  "roc_auc": 0.8395585738539898,
  "pr_auc": 0.7820227989082553
}