{
  "dataset": "australian",
  "model": "lstm",
  "condition": "weighted_bce",
  "fold_id": 2,
  "status": "success",
  "n_train": 621,
  "n_val": 69,
  "n_train_after_sampling": 621,
  "epochs_ran": 35,
  "final_train_loss": 0.425430529743385,
  "final_train_accuracy": 0.8486312399355878,
  "best_val_accuracy": 0.8695652173913043,
  "final_val_accuracy": 0.855072463768116,
  "val_loss": 0.41637831926345825,
  "history_path": "/kaggle/working/assignment3_outputs/histories/australian_lstm_weighted_bce_fold02_history.csv",
  "checkpoint_path": null,
  "feature_count_after_preprocessing": 29,
  "feature_names_path": "/kaggle/working/assignment3_outputs/models/australian_lstm_weighted_bce_fold02_features.json",
  "runtime_seconds": 3.995812177658081,
  "accuracy": 0.855072463768116,
  "sensitivity": 0.8666666666666667,
  "specificity": 0.8461538461538461,
  "precision": 0.8125,
  "f1": 0.8387096774193549,
  "balanced_accuracy": 0.8564102564102565,
  "tp": 26,
  "tn": 33,
  "fp": 6,
  "fn": 4,
  "roc_auc": 0.9098290598290598,
  "pr_auc": 0.8810234319281398
}