{
  "dataset": "australian",
  "model": "lstm",
  "condition": "baseline",
  "fold_id": 5,
  "status": "success",
  "n_train": 621,
  "n_val": 69,
  "n_train_after_sampling": 621,
  "epochs_ran": 21,
  "final_train_loss": 0.5006601568581401,
  "final_train_accuracy": 0.7552334943639292,
  "best_val_accuracy": 0.782608695652174,
  "final_val_accuracy": 0.782608695652174,
  "val_loss": 0.5126097202301025,
  "history_path": "/kaggle/working/assignment3_outputs/histories/australian_lstm_baseline_fold05_history.csv",
  "checkpoint_path": null,
  "feature_count_after_preprocessing": 29,
  "feature_names_path": "/kaggle/working/assignment3_outputs/models/australian_lstm_baseline_fold05_features.json",
  "runtime_seconds": 2.470982074737549,
  "accuracy": 0.782608695652174,
  "sensitivity": 0.8064516129032258,
  "specificity": 0.7631578947368421,
  "precision": 0.7352941176470589,
  "f1": 0.7692307692307693,
  "balanced_accuracy": 0.784804753820034,
  "tp": 25,
  "tn": 29,
  "fp": 9,
  "fn": 6,
  "roc_auc": 0.8217317487266554,
  "pr_auc": 0.7604647651707509
}