{
  "dataset": "australian",
  "model": "mlp",
  "condition": "baseline",
  "fold_id": 6,
  "status": "success",
  "n_train": 621,
  "n_val": 69,
  "n_train_after_sampling": 621,
  "epochs_ran": 12,
  "final_train_loss": 0.3052466822707135,
  "final_train_accuracy": 0.8711755233494364,
  "best_val_accuracy": 0.8985507246376812,
  "final_val_accuracy": 0.8840579710144928,
  "val_loss": 0.248290553689003,
  "history_path": "/kaggle/working/assignment3_outputs/histories/australian_mlp_baseline_fold06_history.csv",
  "checkpoint_path": "/kaggle/working/assignment3_outputs/models/australian_mlp_baseline_fold06.pt",
  "feature_count_after_preprocessing": 29,
  "feature_names_path": "/kaggle/working/assignment3_outputs/models/australian_mlp_baseline_fold06_features.json",
  "runtime_seconds": 2.2652878761291504,
  "accuracy": 0.8840579710144928,
  "sensitivity": 0.8064516129032258,
  "specificity": 0.9473684210526315,
  "precision": 0.9259259259259259,
  "f1": 0.8620689655172413,
  "balanced_accuracy": 0.8769100169779287,
  "tp": 25,
  "tn": 36,
  "fp": 2,
  "fn": 6,
  "roc_auc": 0.966044142614601,
  "pr_auc": 0.9660974490841008
}