{
  "dataset": "australian",
  "model": "gru",
  "condition": "weighted_bce",
  "fold_id": 10,
  "status": "success",
  "n_train": 621,
  "n_val": 69,
  "n_train_after_sampling": 621,
  "val_loss": 0.5495884418487549,
  "history_path": "/kaggle/working/assignment3_outputs/histories/australian_gru_weighted_bce_fold10_history.csv",
  "checkpoint_path": null,
  "feature_count_after_preprocessing": 29,
  "feature_names_path": "/kaggle/working/assignment3_outputs/models/australian_gru_weighted_bce_fold10_features.json",
  "runtime_seconds": 1.7357406616210938,
  "accuracy": 0.7101449275362319,
  "sensitivity": 0.6774193548387096,
  "specificity": 0.7368421052631579,
  "precision": 0.6774193548387096,
  "f1": 0.6774193548387096,
  "balanced_accuracy": 0.7071307300509337,
  "tp": 21,
  "tn": 28,
  "fp": 10,
  "fn": 10,
  "roc_auc": 0.8370118845500849,
  "pr_auc": 0.8180114931931988
}