{
  "dataset": "australian",
  "model": "lstm",
  "condition": "focal_loss",
  "fold_id": 3,
  "status": "success",
  "n_train": 621,
  "n_val": 69,
  "n_train_after_sampling": 621,
  "epochs_ran": 9,
  "final_train_loss": 0.06667255492649984,
  "final_train_accuracy": 0.7294685990338164,
  "best_val_accuracy": 0.9565217391304348,
  "final_val_accuracy": 0.9130434782608695,
  "val_loss": 0.04283834248781204,
  "history_path": "/kaggle/working/assignment3_outputs/histories/australian_lstm_focal_loss_fold03_history.csv",
  "checkpoint_path": null,
  "feature_count_after_preprocessing": 29,
  "feature_names_path": "/kaggle/working/assignment3_outputs/models/australian_lstm_focal_loss_fold03_features.json",
  "runtime_seconds": 1.3583765029907227,
  "accuracy": 0.9130434782608695,
  "sensitivity": 0.8666666666666667,
  "specificity": 0.9487179487179487,
  "precision": 0.9285714285714286,
  "f1": 0.896551724137931,
  "balanced_accuracy": 0.9076923076923077,
  "tp": 26,
  "tn": 37,
  "fp": 2,
  "fn": 4,
  "roc_auc": 0.9649572649572649,
  "pr_auc": 0.9379877148639649
}