{
  "dataset": "australian",
  "model": "gru",
  "condition": "weighted_bce",
  "fold_id": 3,
  "status": "success",
  "n_train": 621,
  "n_val": 69,
  "n_train_after_sampling": 621,
  "epochs_ran": 24,
  "final_train_loss": 0.5569730413516747,
  "final_train_accuracy": 0.7809983896940419,
  "best_val_accuracy": 0.9565217391304348,
  "final_val_accuracy": 0.9565217391304348,
  "val_loss": 0.33535879850387573,
  "history_path": "/kaggle/working/assignment3_outputs/histories/australian_gru_weighted_bce_fold03_history.csv",
  "checkpoint_path": null,
  "feature_count_after_preprocessing": 29,
  "feature_names_path": "/kaggle/working/assignment3_outputs/models/australian_gru_weighted_bce_fold03_features.json",
  "runtime_seconds": 2.874758005142212,
  "accuracy": 0.9565217391304348,
  "sensitivity": 1.0,
  "specificity": 0.9230769230769231,
  "precision": 0.9090909090909091,
  "f1": 0.9523809523809523,
  "balanced_accuracy": 0.9615384615384616,
  "tp": 30,
  "tn": 36,
  "fp": 3,
  "fn": 0,
  "roc_auc": 0.9700854700854701,
  "pr_auc": 0.9416202136375927
}