{
  "dataset": "australian",
  "model": "gru",
  "condition": "smoteenn",
  "fold_id": 2,
  "status": "success",
  "n_train": 621,
  "n_val": 69,
  "n_train_after_sampling": 448,
  "epochs_ran": 13,
  "final_train_loss": 0.33737850189208984,
  "final_train_accuracy": 0.8571428571428571,
  "best_val_accuracy": 0.782608695652174,
  "final_val_accuracy": 0.7101449275362319,
  "val_loss": 0.589572548866272,
  "history_path": "/kaggle/working/assignment3_outputs/histories/australian_gru_smoteenn_fold02_history.csv",
  "checkpoint_path": null,
  "feature_count_after_preprocessing": 29,
  "feature_names_path": "/kaggle/working/assignment3_outputs/models/australian_gru_smoteenn_fold02_features.json",
  "runtime_seconds": 1.365161418914795,
  "accuracy": 0.7101449275362319,
  "sensitivity": 0.43333333333333335,
  "specificity": 0.9230769230769231,
  "precision": 0.8125,
  "f1": 0.5652173913043478,
  "balanced_accuracy": 0.6782051282051282,
  "tp": 13,
  "tn": 36,
  "fp": 3,
  "fn": 17,
  "roc_auc": 0.7752136752136752,
  "pr_auc": 0.7035149556866581
}