{
  "dataset": "australian",
  "model": "mlp",
  "condition": "focal_loss",
  "fold_id": 4,
  "status": "success",
  "n_train": 621,
  "n_val": 69,
  "n_train_after_sampling": 621,
  "epochs_ran": 7,
  "final_train_loss": 0.03773964423800244,
  "final_train_accuracy": 0.8985507246376812,
  "best_val_accuracy": 0.8260869565217391,
  "final_val_accuracy": 0.7681159420289855,
  "val_loss": 0.06712440401315689,
  "history_path": "/kaggle/working/assignment3_outputs/histories/australian_mlp_focal_loss_fold04_history.csv",
  "checkpoint_path": "/kaggle/working/assignment3_outputs/models/australian_mlp_focal_loss_fold04.pt",
  "feature_count_after_preprocessing": 29,
  "feature_names_path": "/kaggle/working/assignment3_outputs/models/australian_mlp_focal_loss_fold04_features.json",
  "runtime_seconds": 1.5382013320922852,
  "accuracy": 0.7681159420289855,
  "sensitivity": 0.6451612903225806,
  "specificity": 0.868421052631579,
  "precision": 0.8,
  "f1": 0.7142857142857143,
  "balanced_accuracy": 0.7567911714770799,
  "tp": 20,
  "tn": 33,
  "fp": 5,
  "fn": 11,
  "roc_auc": 0.8459252971137522,
  "pr_auc": 0.8566624119054909
}