{
  "dataset": "australian",
  "model": "mlp",
  "condition": "focal_loss",
  "fold_id": 6,
  "status": "success",
  "n_train": 621,
  "n_val": 69,
  "n_train_after_sampling": 621,
  "epochs_ran": 13,
  "final_train_loss": 0.0370949841885799,
  "final_train_accuracy": 0.8760064412238325,
  "best_val_accuracy": 0.8985507246376812,
  "final_val_accuracy": 0.8695652173913043,
  "val_loss": 0.03501318395137787,
  "history_path": "/kaggle/working/assignment3_outputs/histories/australian_mlp_focal_loss_fold06_history.csv",
  "checkpoint_path": "/kaggle/working/assignment3_outputs/models/australian_mlp_focal_loss_fold06.pt",
  "feature_count_after_preprocessing": 29,
  "feature_names_path": "/kaggle/working/assignment3_outputs/models/australian_mlp_focal_loss_fold06_features.json",
  "runtime_seconds": 2.6350841522216797,
  "accuracy": 0.8695652173913043,
  "sensitivity": 0.8387096774193549,
  "specificity": 0.8947368421052632,
  "precision": 0.8666666666666667,
  "f1": 0.8524590163934426,
  "balanced_accuracy": 0.866723259762309,
  "tp": 26,
  "tn": 34,
  "fp": 4,
  "fn": 5,
  "roc_auc": 0.9626485568760611,
  "pr_auc": 0.957820905432768
}