{
  "dataset": "australian",
  "model": "gru",
  "condition": "smoteenn",
  "fold_id": 1,
  "status": "success",
  "n_train": 621,
  "n_val": 69,
  "n_train_after_sampling": 442,
  "epochs_ran": 17,
  "final_train_loss": 0.31723592845023485,
  "final_train_accuracy": 0.8484162895927602,
  "best_val_accuracy": 0.782608695652174,
  "final_val_accuracy": 0.7681159420289855,
  "val_loss": 0.49104630947113037,
  "history_path": "/kaggle/working/assignment3_outputs/histories/australian_gru_smoteenn_fold01_history.csv",
  "checkpoint_path": null,
  "feature_count_after_preprocessing": 29,
  "feature_names_path": "/kaggle/working/assignment3_outputs/models/australian_gru_smoteenn_fold01_features.json",
  "runtime_seconds": 1.654939889907837,
  "accuracy": 0.7681159420289855,
  "sensitivity": 0.7333333333333333,
  "specificity": 0.7948717948717948,
  "precision": 0.7333333333333333,
  "f1": 0.7333333333333333,
  "balanced_accuracy": 0.764102564102564,
  "tp": 22,
  "tn": 31,
  "fp": 8,
  "fn": 8,
  "roc_auc": 0.8410256410256409,
  "pr_auc": 0.7830338599135303
}