{
  "dataset": "australian",
  "model": "lstm",
  "condition": "focal_loss",
  "fold_id": 8,
  "status": "success",
  "n_train": 621,
  "n_val": 69,
  "n_train_after_sampling": 621,
  "val_loss": 0.061879925429821014,
  "history_path": "/kaggle/working/assignment3_outputs/histories/australian_lstm_focal_loss_fold08_history.csv",
  "checkpoint_path": null,
  "feature_count_after_preprocessing": 29,
  "feature_names_path": "/kaggle/working/assignment3_outputs/models/australian_lstm_focal_loss_fold08_features.json",
  "runtime_seconds": 1.5636742115020752,
  "accuracy": 0.7681159420289855,
  "sensitivity": 0.8387096774193549,
  "specificity": 0.7105263157894737,
  "precision": 0.7027027027027027,
  "f1": 0.7647058823529411,
  "balanced_accuracy": 0.7746179966044142,
  "tp": 26,
  "tn": 27,
  "fp": 11,
  "fn": 5,
  "roc_auc": 0.8497453310696096,
  "pr_auc": 0.8305784475408888
}