{
  "dataset": "australian",
  "model": "mlp",
  "condition": "smoteenn",
  "fold_id": 6,
  "status": "success",
  "n_train": 621,
  "n_val": 69,
  "n_train_after_sampling": 453,
  "epochs_ran": 10,
  "final_train_loss": 0.015568413717721571,
  "final_train_accuracy": 0.9977924944812362,
  "best_val_accuracy": 0.8985507246376812,
  "final_val_accuracy": 0.8695652173913043,
  "val_loss": 0.2628996670246124,
  "history_path": "/kaggle/working/assignment3_outputs/histories/australian_mlp_smoteenn_fold06_history.csv",
  "checkpoint_path": "/kaggle/working/assignment3_outputs/models/australian_mlp_smoteenn_fold06.pt",
  "feature_count_after_preprocessing": 29,
  "feature_names_path": "/kaggle/working/assignment3_outputs/models/australian_mlp_smoteenn_fold06_features.json",
  "runtime_seconds": 1.625145435333252,
  "accuracy": 0.8695652173913043,
  "sensitivity": 0.8064516129032258,
  "specificity": 0.9210526315789473,
  "precision": 0.8928571428571429,
  "f1": 0.847457627118644,
  "balanced_accuracy": 0.8637521222410866,
  "tp": 25,
  "tn": 35,
  "fp": 3,
  "fn": 6,
  "roc_auc": 0.9584040747028862,
  "pr_auc": 0.9603591672480042
}