{
  "dataset": "default_credit",
  "model": "gru",
  "condition": "focal_loss",
  "fold_id": 5,
  "status": "success",
  "n_train": 27000,
  "n_val": 3000,
  "n_train_after_sampling": 27000,
  "epochs_ran": 25,
  "final_train_loss": 0.04835451833958979,
  "final_train_accuracy": 0.7662222222222222,
  "best_val_accuracy": 0.783,
  "final_val_accuracy": 0.7756666666666666,
  "val_loss": 0.05076603173216184,
  "history_path": "/kaggle/working/assignment3_outputs/histories/default_credit_gru_focal_loss_fold05_history.csv",
  "checkpoint_path": null,
  "feature_count_after_preprocessing": 29,
  "feature_names_path": "/kaggle/working/assignment3_outputs/models/default_credit_gru_focal_loss_fold05_features.json",
  "runtime_seconds": 107.82991909980774,
  "accuracy": 0.7756666666666666,
  "sensitivity": 0.5421686746987951,
  "specificity": 0.8420376712328768,
  "precision": 0.49382716049382713,
  "f1": 0.5168700646087581,
  "balanced_accuracy": 0.692103172965836,
  "tp": 360,
  "tn": 1967,
  "fp": 369,
  "fn": 304,
  "roc_auc": 0.757823137584585,
  "pr_auc": 0.5214130868031694
}