{
  "dataset": "default_credit",
  "model": "mlp",
  "condition": "focal_loss",
  "fold_id": 4,
  "status": "success",
  "n_train": 27000,
  "n_val": 3000,
  "n_train_after_sampling": 27000,
  "epochs_ran": 10,
  "final_train_loss": 0.04919259866961726,
  "final_train_accuracy": 0.7577037037037037,
  "best_val_accuracy": 0.7893333333333333,
  "final_val_accuracy": 0.7713333333333333,
  "val_loss": 0.048686487664779024,
  "history_path": "/kaggle/working/assignment3_outputs/histories/default_credit_mlp_focal_loss_fold04_history.csv",
  "checkpoint_path": "/kaggle/working/assignment3_outputs/models/default_credit_mlp_focal_loss_fold04.pt",
  "feature_count_after_preprocessing": 29,
  "feature_names_path": "/kaggle/working/assignment3_outputs/models/default_credit_mlp_focal_loss_fold04_features.json",
  "runtime_seconds": 72.01546669006348,
  "accuracy": 0.7713333333333333,
  "sensitivity": 0.6280120481927711,
  "specificity": 0.8120719178082192,
  "precision": 0.4871495327102804,
  "f1": 0.5486842105263158,
  "balanced_accuracy": 0.7200419830004952,
  "tp": 417,
  "tn": 1897,
  "fp": 439,
  "fn": 247,
  "roc_auc": 0.7846665987580459,
  "pr_auc": 0.5594909703531848
}