{
  "dataset": "default_credit",
  "model": "gru",
  "condition": "baseline",
  "fold_id": 3,
  "status": "success",
  "n_train": 27000,
  "n_val": 3000,
  "n_train_after_sampling": 27000,
  "epochs_ran": 27,
  "final_train_loss": 0.4216550155569006,
  "final_train_accuracy": 0.8247777777777778,
  "best_val_accuracy": 0.8116666666666666,
  "final_val_accuracy": 0.811,
  "val_loss": 0.4458680942058563,
  "history_path": "/kaggle/working/assignment3_outputs/histories/default_credit_gru_baseline_fold03_history.csv",
  "checkpoint_path": null,
  "feature_count_after_preprocessing": 29,
  "feature_names_path": "/kaggle/working/assignment3_outputs/models/default_credit_gru_baseline_fold03_features.json",
  "runtime_seconds": 108.34095668792725,
  "accuracy": 0.811,
  "sensitivity": 0.34789156626506024,
  "specificity": 0.9426369863013698,
  "precision": 0.6328767123287671,
  "f1": 0.4489795918367347,
  "balanced_accuracy": 0.645264276283215,
  "tp": 231,
  "tn": 2202,
  "fp": 134,
  "fn": 433,
  "roc_auc": 0.7574211658276944,
  "pr_auc": 0.5163728090072133
}