{
  "dataset": "default_credit",
  "model": "mlp",
  "condition": "baseline",
  "fold_id": 2,
  "status": "success",
  "n_train": 27000,
  "n_val": 3000,
  "n_train_after_sampling": 27000,
  "epochs_ran": 16,
  "final_train_loss": 0.42899757938031796,
  "final_train_accuracy": 0.8214814814814815,
  "best_val_accuracy": 0.8253333333333334,
  "final_val_accuracy": 0.8233333333333334,
  "val_loss": 0.4153829816977183,
  "history_path": "/kaggle/working/assignment3_outputs/histories/default_credit_mlp_baseline_fold02_history.csv",
  "checkpoint_path": "/kaggle/working/assignment3_outputs/models/default_credit_mlp_baseline_fold02.pt",
  "feature_count_after_preprocessing": 29,
  "feature_names_path": "/kaggle/working/assignment3_outputs/models/default_credit_mlp_baseline_fold02_features.json",
  "runtime_seconds": 107.70967960357666,
  "accuracy": 0.8233333333333334,
  "sensitivity": 0.3689759036144578,
  "specificity": 0.9524828767123288,
  "precision": 0.6882022471910112,
  "f1": 0.4803921568627451,
  "balanced_accuracy": 0.6607293901633933,
  "tp": 245,
  "tn": 2225,
  "fp": 111,
  "fn": 419,
  "roc_auc": 0.8042242815439842,
  "pr_auc": 0.5733255013766205
}