{
  "dataset": "default_credit",
  "model": "gru",
  "condition": "weighted_bce",
  "fold_id": 3,
  "status": "success",
  "n_train": 27000,
  "n_val": 3000,
  "n_train_after_sampling": 27000,
  "val_loss": 0.9166683446566264,
  "history_path": "/kaggle/working/assignment3_outputs/histories/default_credit_gru_weighted_bce_fold03_history.csv",
  "checkpoint_path": null,
  "feature_count_after_preprocessing": 29,
  "feature_names_path": "/kaggle/working/assignment3_outputs/models/default_credit_gru_weighted_bce_fold03_features.json",
  "runtime_seconds": 57.95856499671936,
  "accuracy": 0.7636666666666667,
  "sensitivity": 0.5617469879518072,
  "specificity": 0.8210616438356164,
  "precision": 0.4715549936788875,
  "f1": 0.5127147766323024,
  "balanced_accuracy": 0.6914043158937118,
  "tp": 373,
  "tn": 1918,
  "fp": 418,
  "fn": 291,
  "roc_auc": 0.7520282327941905,
  "pr_auc": 0.5075145075409067
}