{
  "dataset": "default_credit",
  "model": "lstm",
  "condition": "weighted_bce",
  "fold_id": 3,
  "status": "success",
  "n_train": 27000,
  "n_val": 3000,
  "n_train_after_sampling": 27000,
  "epochs_ran": 17,
  "final_train_loss": 0.8756527118506255,
  "final_train_accuracy": 0.7678148148148148,
  "best_val_accuracy": 0.789,
  "final_val_accuracy": 0.7556666666666667,
  "val_loss": 0.9131609303156535,
  "history_path": "/kaggle/working/assignment3_outputs/histories/default_credit_lstm_weighted_bce_fold03_history.csv",
  "checkpoint_path": null,
  "feature_count_after_preprocessing": 29,
  "feature_names_path": "/kaggle/working/assignment3_outputs/models/default_credit_lstm_weighted_bce_fold03_features.json",
  "runtime_seconds": 72.18912053108215,
  "accuracy": 0.7556666666666667,
  "sensitivity": 0.5783132530120482,
  "specificity": 0.8060787671232876,
  "precision": 0.45878136200716846,
  "f1": 0.5116588940706196,
  "balanced_accuracy": 0.6921960100676678,
  "tp": 384,
  "tn": 1883,
  "fp": 453,
  "fn": 280,
  "roc_auc": 0.7481964458862849,
  "pr_auc": 0.5042933832759554
}