{
  "dataset": "default_credit",
  "model": "lstm",
  "condition": "weighted_bce",
  "fold_id": 4,
  "status": "success",
  "n_train": 27000,
  "n_val": 3000,
  "n_train_after_sampling": 27000,
  "val_loss": 0.8696669274965922,
  "history_path": "/kaggle/working/assignment3_outputs/histories/default_credit_lstm_weighted_bce_fold04_history.csv",
  "checkpoint_path": null,
  "feature_count_after_preprocessing": 29,
  "feature_names_path": "/kaggle/working/assignment3_outputs/models/default_credit_lstm_weighted_bce_fold04_features.json",
  "runtime_seconds": 131.48384070396423,
  "accuracy": 0.7686666666666667,
  "sensitivity": 0.6039156626506024,
  "specificity": 0.8154965753424658,
  "precision": 0.48197115384615385,
  "f1": 0.536096256684492,
  "balanced_accuracy": 0.7097061189965341,
  "tp": 401,
  "tn": 1905,
  "fp": 431,
  "fn": 263,
  "roc_auc": 0.7781364112271001,
  "pr_auc": 0.575058494084022
}