{
  "dataset": "default_credit",
  "model": "lstm",
  "condition": "weighted_bce",
  "fold_id": 7,
  "status": "success",
  "n_train": 27000,
  "n_val": 3000,
  "n_train_after_sampling": 27000,
  "val_loss": 0.8821929993629456,
  "history_path": "/kaggle/working/assignment3_outputs/histories/default_credit_lstm_weighted_bce_fold07_history.csv",
  "checkpoint_path": null,
  "feature_count_after_preprocessing": 29,
  "feature_names_path": "/kaggle/working/assignment3_outputs/models/default_credit_lstm_weighted_bce_fold07_features.json",
  "runtime_seconds": 67.69081974029541,
  "accuracy": 0.7966666666666666,
  "sensitivity": 0.5460030165912518,
  "specificity": 0.8677792041078306,
  "precision": 0.5394932935916542,
  "f1": 0.5427286356821589,
  "balanced_accuracy": 0.7068911103495412,
  "tp": 362,
  "tn": 2028,
  "fp": 309,
  "fn": 301,
  "roc_auc": 0.7699287673991292,
  "pr_auc": 0.5507633529331054
}