{
  "dataset": "default_credit",
  "model": "lstm",
  "condition": "focal_loss",
  "fold_id": 1,
  "status": "success",
  "n_train": 27000,
  "n_val": 3000,
  "n_train_after_sampling": 27000,
  "epochs_ran": 13,
  "final_train_loss": 0.04988137831180184,
  "final_train_accuracy": 0.7682592592592593,
  "best_val_accuracy": 0.7893333333333333,
  "final_val_accuracy": 0.7513333333333333,
  "val_loss": 0.0503519631922245,
  "history_path": "/kaggle/working/assignment3_outputs/histories/default_credit_lstm_focal_loss_fold01_history.csv",
  "checkpoint_path": null,
  "feature_count_after_preprocessing": 29,
  "feature_names_path": "/kaggle/working/assignment3_outputs/models/default_credit_lstm_focal_loss_fold01_features.json",
  "runtime_seconds": 57.53884983062744,
  "accuracy": 0.7513333333333333,
  "sensitivity": 0.6325301204819277,
  "specificity": 0.7851027397260274,
  "precision": 0.455531453362256,
  "f1": 0.5296343001261034,
  "balanced_accuracy": 0.7088164301039775,
  "tp": 420,
  "tn": 1834,
  "fp": 502,
  "fn": 244,
  "roc_auc": 0.7711343017618418,
  "pr_auc": 0.5240852874734491
}