{
  "dataset": "default_credit",
  "model": "lstm",
  "condition": "focal_loss",
  "fold_id": 9,
  "status": "success",
  "n_train": 27000,
  "n_val": 3000,
  "n_train_after_sampling": 27000,
  "epochs_ran": 15,
  "final_train_loss": 0.04957314182652368,
  "final_train_accuracy": 0.7634074074074074,
  "best_val_accuracy": 0.7933333333333333,
  "final_val_accuracy": 0.756,
  "val_loss": 0.04960275202989578,
  "history_path": "/kaggle/working/assignment3_outputs/histories/default_credit_lstm_focal_loss_fold09_history.csv",
  "checkpoint_path": null,
  "feature_count_after_preprocessing": 29,
  "feature_names_path": "/kaggle/working/assignment3_outputs/models/default_credit_lstm_focal_loss_fold09_features.json",
  "runtime_seconds": 65.8423867225647,
  "accuracy": 0.756,
  "sensitivity": 0.6063348416289592,
  "specificity": 0.7984595635430038,
  "precision": 0.46048109965635736,
  "f1": 0.5234375,
  "balanced_accuracy": 0.7023972025859815,
  "tp": 402,
  "tn": 1866,
  "fp": 471,
  "fn": 261,
  "roc_auc": 0.7727430263109489,
  "pr_auc": 0.5454353671560246
}