{
  "dataset": "default_credit",
  "model": "gru",
  "condition": "smoteenn",
  "fold_id": 2,
  "status": "success",
  "n_train": 27000,
  "n_val": 3000,
  "n_train_after_sampling": 26792,
  "epochs_ran": 11,
  "final_train_loss": 0.37902794659547073,
  "final_train_accuracy": 0.8046058524932815,
  "best_val_accuracy": 0.7486666666666667,
  "final_val_accuracy": 0.7326666666666667,
  "val_loss": 0.6382580200831095,
  "history_path": "/kaggle/working/assignment3_outputs/histories/default_credit_gru_smoteenn_fold02_history.csv",
  "checkpoint_path": null,
  "feature_count_after_preprocessing": 29,
  "feature_names_path": "/kaggle/working/assignment3_outputs/models/default_credit_gru_smoteenn_fold02_features.json",
  "runtime_seconds": 48.39578199386597,
  "accuracy": 0.7326666666666667,
  "sensitivity": 0.7003012048192772,
  "specificity": 0.7418664383561644,
  "precision": 0.4353932584269663,
  "f1": 0.5369515011547344,
  "balanced_accuracy": 0.7210838215877208,
  "tp": 465,
  "tn": 1733,
  "fp": 603,
  "fn": 199,
  "roc_auc": 0.7840995832645651,
  "pr_auc": 0.5556119214104489
}