{
  "dataset": "default_credit",
  "model": "gru",
  "condition": "baseline",
  "fold_id": 8,
  "status": "success",
  "n_train": 27000,
  "n_val": 3000,
  "n_train_after_sampling": 27000,
  "epochs_ran": 32,
  "final_train_loss": 0.41799671616377654,
  "final_train_accuracy": 0.8246296296296296,
  "best_val_accuracy": 0.8316666666666667,
  "final_val_accuracy": 0.8283333333333334,
  "val_loss": 0.4299513884385427,
  "history_path": "/kaggle/working/assignment3_outputs/histories/default_credit_gru_baseline_fold08_history.csv",
  "checkpoint_path": null,
  "feature_count_after_preprocessing": 29,
  "feature_names_path": "/kaggle/working/assignment3_outputs/models/default_credit_gru_baseline_fold08_features.json",
  "runtime_seconds": 128.2025122642517,
  "accuracy": 0.8283333333333334,
  "sensitivity": 0.3815987933634992,
  "specificity": 0.9550706033376123,
  "precision": 0.7067039106145251,
  "f1": 0.49559255631733595,
  "balanced_accuracy": 0.6683346983505558,
  "tp": 253,
  "tn": 2232,
  "fp": 105,
  "fn": 410,
  "roc_auc": 0.7712063331635935,
  "pr_auc": 0.5683839003917687
}