{
  "dataset": "default_credit",
  "model": "gru",
  "condition": "baseline",
  "fold_id": 1,
  "status": "success",
  "n_train": 27000,
  "n_val": 3000,
  "n_train_after_sampling": 27000,
  "epochs_ran": 16,
  "final_train_loss": 0.4300675592599092,
  "final_train_accuracy": 0.821962962962963,
  "best_val_accuracy": 0.819,
  "final_val_accuracy": 0.8183333333333334,
  "val_loss": 0.43548844011624654,
  "history_path": "/kaggle/working/assignment3_outputs/histories/default_credit_gru_baseline_fold01_history.csv",
  "checkpoint_path": null,
  "feature_count_after_preprocessing": 29,
  "feature_names_path": "/kaggle/working/assignment3_outputs/models/default_credit_gru_baseline_fold01_features.json",
  "runtime_seconds": 64.42006349563599,
  "accuracy": 0.8183333333333334,
  "sensitivity": 0.33433734939759036,
  "specificity": 0.9559075342465754,
  "precision": 0.683076923076923,
  "f1": 0.448938321536906,
  "balanced_accuracy": 0.6451224418220829,
  "tp": 222,
  "tn": 2233,
  "fp": 103,
  "fn": 442,
  "roc_auc": 0.7757358629724376,
  "pr_auc": 0.5253608841461248
}