{
  "dataset": "default_credit",
  "model": "lstm",
  "condition": "weighted_bce",
  "fold_id": 1,
  "status": "success",
  "n_train": 27000,
  "n_val": 3000,
  "n_train_after_sampling": 27000,
  "epochs_ran": 19,
  "final_train_loss": 0.8717820972160056,
  "final_train_accuracy": 0.7637777777777778,
  "best_val_accuracy": 0.7906666666666666,
  "final_val_accuracy": 0.7593333333333333,
  "val_loss": 0.8840962111155192,
  "history_path": "/kaggle/working/assignment3_outputs/histories/default_credit_lstm_weighted_bce_fold01_history.csv",
  "checkpoint_path": null,
  "feature_count_after_preprocessing": 29,
  "feature_names_path": "/kaggle/working/assignment3_outputs/models/default_credit_lstm_weighted_bce_fold01_features.json",
  "runtime_seconds": 78.98082423210144,
  "accuracy": 0.7593333333333333,
  "sensitivity": 0.6039156626506024,
  "specificity": 0.8035102739726028,
  "precision": 0.4662790697674419,
  "f1": 0.526246719160105,
  "balanced_accuracy": 0.7037129683116026,
  "tp": 401,
  "tn": 1877,
  "fp": 459,
  "fn": 263,
  "roc_auc": 0.7724901102698465,
  "pr_auc": 0.5289816352566428
}