{
  "dataset": "default_credit",
  "model": "lstm",
  "condition": "focal_loss",
  "fold_id": 4,
  "status": "success",
  "n_train": 27000,
  "n_val": 3000,
  "n_train_after_sampling": 27000,
  "val_loss": 0.049349703262249627,
  "history_path": "/kaggle/working/assignment3_outputs/histories/default_credit_lstm_focal_loss_fold04_history.csv",
  "checkpoint_path": null,
  "feature_count_after_preprocessing": 29,
  "feature_names_path": "/kaggle/working/assignment3_outputs/models/default_credit_lstm_focal_loss_fold04_features.json",
  "runtime_seconds": 68.27003073692322,
  "accuracy": 0.7693333333333333,
  "sensitivity": 0.6234939759036144,
  "specificity": 0.8107876712328768,
  "precision": 0.48364485981308414,
  "f1": 0.5447368421052632,
  "balanced_accuracy": 0.7171408235682456,
  "tp": 414,
  "tn": 1894,
  "fp": 442,
  "fn": 250,
  "roc_auc": 0.777006570803763,
  "pr_auc": 0.5541202755130061
}