{
  "dataset": "default_credit",
  "model": "lstm",
  "condition": "focal_loss",
  "fold_id": 5,
  "status": "success",
  "n_train": 27000,
  "n_val": 3000,
  "n_train_after_sampling": 27000,
  "val_loss": 0.05070344740152359,
  "history_path": "/kaggle/working/assignment3_outputs/histories/default_credit_lstm_focal_loss_fold05_history.csv",
  "checkpoint_path": null,
  "feature_count_after_preprocessing": 29,
  "feature_names_path": "/kaggle/working/assignment3_outputs/models/default_credit_lstm_focal_loss_fold05_features.json",
  "runtime_seconds": 99.10016942024231,
  "accuracy": 0.7703333333333333,
  "sensitivity": 0.5587349397590361,
  "specificity": 0.8304794520547946,
  "precision": 0.48370273794002605,
  "f1": 0.5185185185185185,
  "balanced_accuracy": 0.6946071959069153,
  "tp": 371,
  "tn": 1940,
  "fp": 396,
  "fn": 293,
  "roc_auc": 0.7564927948093745,
  "pr_auc": 0.5340621907606922
}