{
  "dataset": "default_credit",
  "model": "mlp",
  "condition": "smoteenn",
  "fold_id": 1,
  "status": "success",
  "n_train": 27000,
  "n_val": 3000,
  "n_train_after_sampling": 26695,
  "epochs_ran": 11,
  "final_train_loss": 0.34788959538039027,
  "final_train_accuracy": 0.8275707061247425,
  "best_val_accuracy": 0.662,
  "final_val_accuracy": 0.6406666666666667,
  "val_loss": 0.803841690381368,
  "history_path": "/kaggle/working/assignment3_outputs/histories/default_credit_mlp_smoteenn_fold01_history.csv",
  "checkpoint_path": "/kaggle/working/assignment3_outputs/models/default_credit_mlp_smoteenn_fold01.pt",
  "feature_count_after_preprocessing": 29,
  "feature_names_path": "/kaggle/working/assignment3_outputs/models/default_credit_mlp_smoteenn_fold01_features.json",
  "runtime_seconds": 77.90854692459106,
  "accuracy": 0.6406666666666667,
  "sensitivity": 0.7620481927710844,
  "specificity": 0.6061643835616438,
  "precision": 0.3548387096774194,
  "f1": 0.4842105263157895,
  "balanced_accuracy": 0.6841062881663641,
  "tp": 506,
  "tn": 1416,
  "fp": 920,
  "fn": 158,
  "roc_auc": 0.7739522946237003,
  "pr_auc": 0.5238320173591076
}