{
  "dataset": "default_credit",
  "model": "gru",
  "condition": "focal_loss",
  "fold_id": 6,
  "status": "success",
  "n_train": 27000,
  "n_val": 3000,
  "n_train_after_sampling": 27000,
  "epochs_ran": 13,
  "final_train_loss": 0.049824169169973447,
  "final_train_accuracy": 0.7645185185185185,
  "best_val_accuracy": 0.805,
  "final_val_accuracy": 0.7783333333333333,
  "val_loss": 0.04912749198079109,
  "history_path": "/kaggle/working/assignment3_outputs/histories/default_credit_gru_focal_loss_fold06_history.csv",
  "checkpoint_path": null,
  "feature_count_after_preprocessing": 29,
  "feature_names_path": "/kaggle/working/assignment3_outputs/models/default_credit_gru_focal_loss_fold06_features.json",
  "runtime_seconds": 56.71504998207092,
  "accuracy": 0.7783333333333333,
  "sensitivity": 0.6189759036144579,
  "specificity": 0.8236301369863014,
  "precision": 0.4993924665856622,
  "f1": 0.5527908540685945,
  "balanced_accuracy": 0.7213030203003796,
  "tp": 411,
  "tn": 1924,
  "fp": 412,
  "fn": 253,
  "roc_auc": 0.7800892138760522,
  "pr_auc": 0.566605283637111
}