{
  "dataset": "default_credit",
  "model": "lstm",
  "condition": "weighted_bce",
  "fold_id": 9,
  "status": "success",
  "n_train": 27000,
  "n_val": 3000,
  "n_train_after_sampling": 27000,
  "epochs_ran": 28,
  "final_train_loss": 0.8627703944312202,
  "final_train_accuracy": 0.770074074074074,
  "best_val_accuracy": 0.7826666666666666,
  "final_val_accuracy": 0.7733333333333333,
  "val_loss": 0.8760415449142456,
  "history_path": "/kaggle/working/assignment3_outputs/histories/default_credit_lstm_weighted_bce_fold09_history.csv",
  "checkpoint_path": null,
  "feature_count_after_preprocessing": 29,
  "feature_names_path": "/kaggle/working/assignment3_outputs/models/default_credit_lstm_weighted_bce_fold09_features.json",
  "runtime_seconds": 117.36780261993408,
  "accuracy": 0.7733333333333333,
  "sensitivity": 0.5716440422322775,
  "specificity": 0.8305519897304237,
  "precision": 0.4890322580645161,
  "f1": 0.5271210013908206,
  "balanced_accuracy": 0.7010980159813506,
  "tp": 379,
  "tn": 1941,
  "fp": 396,
  "fn": 284,
  "roc_auc": 0.771565497269643,
  "pr_auc": 0.554572049381497
}