{
  "dataset": "default_credit",
  "model": "lstm",
  "condition": "focal_loss",
  "fold_id": 8,
  "status": "success",
  "n_train": 27000,
  "n_val": 3000,
  "n_train_after_sampling": 27000,
  "epochs_ran": 14,
  "final_train_loss": 0.04977474284392816,
  "final_train_accuracy": 0.7612962962962962,
  "best_val_accuracy": 0.7946666666666666,
  "final_val_accuracy": 0.7726666666666666,
  "val_loss": 0.04996790640552839,
  "history_path": "/kaggle/working/assignment3_outputs/histories/default_credit_lstm_focal_loss_fold08_history.csv",
  "checkpoint_path": null,
  "feature_count_after_preprocessing": 29,
  "feature_names_path": "/kaggle/working/assignment3_outputs/models/default_credit_lstm_focal_loss_fold08_features.json",
  "runtime_seconds": 61.49356722831726,
  "accuracy": 0.7726666666666666,
  "sensitivity": 0.5957767722473605,
  "specificity": 0.8228498074454429,
  "precision": 0.48825710754017304,
  "f1": 0.5366847826086957,
  "balanced_accuracy": 0.7093132898464016,
  "tp": 395,
  "tn": 1923,
  "fp": 414,
  "fn": 268,
  "roc_auc": 0.7632840700876644,
  "pr_auc": 0.5462697648572079
}