{
  "dataset": "default_credit",
  "model": "lstm",
  "condition": "focal_loss",
  "fold_id": 6,
  "status": "success",
  "n_train": 27000,
  "n_val": 3000,
  "n_train_after_sampling": 27000,
  "val_loss": 0.04970503204067548,
  "history_path": "/kaggle/working/assignment3_outputs/histories/default_credit_lstm_focal_loss_fold06_history.csv",
  "checkpoint_path": null,
  "feature_count_after_preprocessing": 29,
  "feature_names_path": "/kaggle/working/assignment3_outputs/models/default_credit_lstm_focal_loss_fold06_features.json",
  "runtime_seconds": 44.64802145957947,
  "accuracy": 0.7836666666666666,
  "sensitivity": 0.5978915662650602,
  "specificity": 0.836472602739726,
  "precision": 0.5096277278562259,
  "f1": 0.5502425502425502,
  "balanced_accuracy": 0.7171820845023931,
  "tp": 397,
  "tn": 1954,
  "fp": 382,
  "fn": 267,
  "roc_auc": 0.7788923244347252,
  "pr_auc": 0.5538220145652151
}