{
  "dataset": "default_credit",
  "model": "gru",
  "condition": "weighted_bce",
  "fold_id": 8,
  "status": "success",
  "n_train": 27000,
  "n_val": 3000,
  "n_train_after_sampling": 27000,
  "val_loss": 0.8787191829681397,
  "history_path": "/kaggle/working/assignment3_outputs/histories/default_credit_gru_weighted_bce_fold08_history.csv",
  "checkpoint_path": null,
  "feature_count_after_preprocessing": 29,
  "feature_names_path": "/kaggle/working/assignment3_outputs/models/default_credit_gru_weighted_bce_fold08_features.json",
  "runtime_seconds": 65.27892899513245,
  "accuracy": 0.7826666666666666,
  "sensitivity": 0.5656108597285068,
  "specificity": 0.844244758237056,
  "precision": 0.5074424898511503,
  "f1": 0.5349500713266762,
  "balanced_accuracy": 0.7049278089827814,
  "tp": 375,
  "tn": 1973,
  "fp": 364,
  "fn": 288,
  "roc_auc": 0.7685953746891602,
  "pr_auc": 0.5571414822475502
}