{
  "dataset": "default_credit",
  "model": "gru",
  "condition": "smoteenn",
  "fold_id": 8,
  "status": "success",
  "n_train": 27000,
  "n_val": 3000,
  "n_train_after_sampling": 26846,
  "val_loss": 0.6496121079126994,
  "history_path": "/kaggle/working/assignment3_outputs/histories/default_credit_gru_smoteenn_fold08_history.csv",
  "checkpoint_path": null,
  "feature_count_after_preprocessing": 29,
  "feature_names_path": "/kaggle/working/assignment3_outputs/models/default_credit_gru_smoteenn_fold08_features.json",
  "runtime_seconds": 66.8396577835083,
  "accuracy": 0.7783333333333333,
  "sensitivity": 0.5806938159879337,
  "specificity": 0.834403080872914,
  "precision": 0.49870466321243523,
  "f1": 0.5365853658536586,
  "balanced_accuracy": 0.7075484484304239,
  "tp": 385,
  "tn": 1950,
  "fp": 387,
  "fn": 278,
  "roc_auc": 0.76128301292539,
  "pr_auc": 0.5415091026380909
}