{
  "dataset": "default_credit",
  "model": "gru",
  "condition": "baseline",
  "fold_id": 2,
  "status": "success",
  "n_train": 27000,
  "n_val": 3000,
  "n_train_after_sampling": 27000,
  "epochs_ran": 21,
  "final_train_loss": 0.4254582665408099,
  "final_train_accuracy": 0.8224814814814815,
  "best_val_accuracy": 0.824,
  "final_val_accuracy": 0.8186666666666667,
  "val_loss": 0.41860260113080344,
  "history_path": "/kaggle/working/assignment3_outputs/histories/default_credit_gru_baseline_fold02_history.csv",
  "checkpoint_path": null,
  "feature_count_after_preprocessing": 29,
  "feature_names_path": "/kaggle/working/assignment3_outputs/models/default_credit_gru_baseline_fold02_features.json",
  "runtime_seconds": 85.20567417144775,
  "accuracy": 0.8186666666666667,
  "sensitivity": 0.338855421686747,
  "specificity": 0.9550513698630136,
  "precision": 0.6818181818181818,
  "f1": 0.45271629778672035,
  "balanced_accuracy": 0.6469533957748803,
  "tp": 225,
  "tn": 2231,
  "fp": 105,
  "fn": 439,
  "roc_auc": 0.7963730994182208,
  "pr_auc": 0.5707698228868782
}