{
  "dataset": "default_credit",
  "model": "lstm",
  "condition": "weighted_bce",
  "fold_id": 8,
  "status": "success",
  "n_train": 27000,
  "n_val": 3000,
  "n_train_after_sampling": 27000,
  "epochs_ran": 20,
  "final_train_loss": 0.8712285634853222,
  "final_train_accuracy": 0.7592592592592593,
  "best_val_accuracy": 0.7913333333333333,
  "final_val_accuracy": 0.7746666666666666,
  "val_loss": 0.8791247874895731,
  "history_path": "/kaggle/working/assignment3_outputs/histories/default_credit_lstm_weighted_bce_fold08_history.csv",
  "checkpoint_path": null,
  "feature_count_after_preprocessing": 29,
  "feature_names_path": "/kaggle/working/assignment3_outputs/models/default_credit_lstm_weighted_bce_fold08_features.json",
  "runtime_seconds": 82.89542245864868,
  "accuracy": 0.7746666666666666,
  "sensitivity": 0.6018099547511312,
  "specificity": 0.8237056054771074,
  "precision": 0.4919852034525277,
  "f1": 0.5413839891451832,
  "balanced_accuracy": 0.7127577801141193,
  "tp": 399,
  "tn": 1925,
  "fp": 412,
  "fn": 264,
  "roc_auc": 0.7701649831454256,
  "pr_auc": 0.5632257345647538
}