{
  "dataset": "default_credit",
  "model": "gru",
  "condition": "focal_loss",
  "fold_id": 8,
  "status": "success",
  "n_train": 27000,
  "n_val": 3000,
  "n_train_after_sampling": 27000,
  "val_loss": 0.05000441709160805,
  "history_path": "/kaggle/working/assignment3_outputs/histories/default_credit_gru_focal_loss_fold08_history.csv",
  "checkpoint_path": null,
  "feature_count_after_preprocessing": 29,
  "feature_names_path": "/kaggle/working/assignment3_outputs/models/default_credit_gru_focal_loss_fold08_features.json",
  "runtime_seconds": 61.49256682395935,
  "accuracy": 0.7696666666666667,
  "sensitivity": 0.5957767722473605,
  "specificity": 0.8189987163029525,
  "precision": 0.4828850855745721,
  "f1": 0.5334233625928426,
  "balanced_accuracy": 0.7073877442751565,
  "tp": 395,
  "tn": 1914,
  "fp": 423,
  "fn": 268,
  "roc_auc": 0.7645132309860846,
  "pr_auc": 0.5460747322019994
}