{
  "dataset": "default_credit",
  "model": "gru",
  "condition": "focal_loss",
  "fold_id": 4,
  "status": "success",
  "n_train": 27000,
  "n_val": 3000,
  "n_train_after_sampling": 27000,
  "epochs_ran": 27,
  "final_train_loss": 0.04812816764690258,
  "final_train_accuracy": 0.7560740740740741,
  "best_val_accuracy": 0.797,
  "final_val_accuracy": 0.7536666666666667,
  "val_loss": 0.04887084816892942,
  "history_path": "/kaggle/working/assignment3_outputs/histories/default_credit_gru_focal_loss_fold04_history.csv",
  "checkpoint_path": null,
  "feature_count_after_preprocessing": 29,
  "feature_names_path": "/kaggle/working/assignment3_outputs/models/default_credit_gru_focal_loss_fold04_features.json",
  "runtime_seconds": 115.13458776473999,
  "accuracy": 0.7536666666666667,
  "sensitivity": 0.6295180722891566,
  "specificity": 0.7889554794520548,
  "precision": 0.4588364434687157,
  "f1": 0.5307936507936508,
  "balanced_accuracy": 0.7092367758706057,
  "tp": 418,
  "tn": 1843,
  "fp": 493,
  "fn": 246,
  "roc_auc": 0.783422646063707,
  "pr_auc": 0.5741310899164166
}