{
  "dataset": "default_credit",
  "model": "lstm",
  "condition": "smoteenn",
  "fold_id": 9,
  "status": "success",
  "n_train": 27000,
  "n_val": 3000,
  "n_train_after_sampling": 26897,
  "epochs_ran": 6,
  "final_train_loss": 0.4235923715310012,
  "final_train_accuracy": 0.7816113321188236,
  "best_val_accuracy": 0.7403333333333333,
  "final_val_accuracy": 0.7286666666666667,
  "val_loss": 0.5442003200848897,
  "history_path": "/kaggle/working/assignment3_outputs/histories/default_credit_lstm_smoteenn_fold09_history.csv",
  "checkpoint_path": null,
  "feature_count_after_preprocessing": 29,
  "feature_names_path": "/kaggle/working/assignment3_outputs/models/default_credit_lstm_smoteenn_fold09_features.json",
  "runtime_seconds": 29.433746814727783,
  "accuracy": 0.7286666666666667,
  "sensitivity": 0.5761689291101055,
  "specificity": 0.7719298245614035,
  "precision": 0.4174863387978142,
  "f1": 0.4841571609632446,
  "balanced_accuracy": 0.6740493768357545,
  "tp": 382,
  "tn": 1804,
  "fp": 533,
  "fn": 281,
  "roc_auc": 0.7358072092271292,
  "pr_auc": 0.4555001812798953
}