{
  "dataset": "default_credit",
  "model": "mlp",
  "condition": "weighted_bce",
  "fold_id": 9,
  "status": "success",
  "n_train": 27000,
  "n_val": 3000,
  "n_train_after_sampling": 27000,
  "epochs_ran": 15,
  "final_train_loss": 0.8632354405367816,
  "final_train_accuracy": 0.7524444444444445,
  "best_val_accuracy": 0.7683333333333333,
  "final_val_accuracy": 0.7313333333333333,
  "val_loss": 0.8725353663762411,
  "history_path": "/kaggle/working/assignment3_outputs/histories/default_credit_mlp_weighted_bce_fold09_history.csv",
  "checkpoint_path": "/kaggle/working/assignment3_outputs/models/default_credit_mlp_weighted_bce_fold09.pt",
  "feature_count_after_preprocessing": 29,
  "feature_names_path": "/kaggle/working/assignment3_outputs/models/default_credit_mlp_weighted_bce_fold09_features.json",
  "runtime_seconds": 100.79759955406189,
  "accuracy": 0.7313333333333333,
  "sensitivity": 0.6455505279034691,
  "specificity": 0.7556696619597775,
  "precision": 0.42842842842842843,
  "f1": 0.5150421179302046,
  "balanced_accuracy": 0.7006100949316233,
  "tp": 428,
  "tn": 1766,
  "fp": 571,
  "fn": 235,
  "roc_auc": 0.7780062487455072,
  "pr_auc": 0.5454829794422278
}