{
  "dataset": "default_credit",
  "model": "gru",
  "condition": "focal_loss",
  "fold_id": 7,
  "status": "success",
  "n_train": 27000,
  "n_val": 3000,
  "n_train_after_sampling": 27000,
  "epochs_ran": 22,
  "final_train_loss": 0.048691883422710275,
  "final_train_accuracy": 0.7555185185185185,
  "best_val_accuracy": 0.8076666666666666,
  "final_val_accuracy": 0.746,
  "val_loss": 0.04915494960546494,
  "history_path": "/kaggle/working/assignment3_outputs/histories/default_credit_gru_focal_loss_fold07_history.csv",
  "checkpoint_path": null,
  "feature_count_after_preprocessing": 29,
  "feature_names_path": "/kaggle/working/assignment3_outputs/models/default_credit_gru_focal_loss_fold07_features.json",
  "runtime_seconds": 94.74006938934326,
  "accuracy": 0.746,
  "sensitivity": 0.6274509803921569,
  "specificity": 0.7796320068463842,
  "precision": 0.44683136412459723,
  "f1": 0.5219573400250941,
  "balanced_accuracy": 0.7035414936192705,
  "tp": 416,
  "tn": 1822,
  "fp": 515,
  "fn": 247,
  "roc_auc": 0.7744730162233749,
  "pr_auc": 0.5549502148672288
}