{
  "dataset": "default_credit",
  "model": "gru",
  "condition": "weighted_bce",
  "fold_id": 10,
  "status": "success",
  "n_train": 27000,
  "n_val": 3000,
  "n_train_after_sampling": 27000,
  "epochs_ran": 24,
  "final_train_loss": 0.8627364826908818,
  "final_train_accuracy": 0.7608888888888888,
  "best_val_accuracy": 0.7986666666666666,
  "final_val_accuracy": 0.767,
  "val_loss": 0.8767250086466472,
  "history_path": "/kaggle/working/assignment3_outputs/histories/default_credit_gru_weighted_bce_fold10_history.csv",
  "checkpoint_path": null,
  "feature_count_after_preprocessing": 29,
  "feature_names_path": "/kaggle/working/assignment3_outputs/models/default_credit_gru_weighted_bce_fold10_features.json",
  "runtime_seconds": 99.8392608165741,
  "accuracy": 0.767,
  "sensitivity": 0.6123680241327301,
  "specificity": 0.8108686350021395,
  "precision": 0.47877358490566035,
  "f1": 0.5373924553275976,
  "balanced_accuracy": 0.7116183295674348,
  "tp": 406,
  "tn": 1895,
  "fp": 442,
  "fn": 257,
  "roc_auc": 0.7772879205334087,
  "pr_auc": 0.5554232168122981
}