{
  "dataset": "default_credit",
  "model": "gru",
  "condition": "baseline",
  "fold_id": 6,
  "status": "success",
  "n_train": 27000,
  "n_val": 3000,
  "n_train_after_sampling": 27000,
  "epochs_ran": 13,
  "final_train_loss": 0.43390938552220665,
  "final_train_accuracy": 0.8198888888888889,
  "best_val_accuracy": 0.8246666666666667,
  "final_val_accuracy": 0.8203333333333334,
  "val_loss": 0.4278788537979126,
  "history_path": "/kaggle/working/assignment3_outputs/histories/default_credit_gru_baseline_fold06_history.csv",
  "checkpoint_path": null,
  "feature_count_after_preprocessing": 29,
  "feature_names_path": "/kaggle/working/assignment3_outputs/models/default_credit_gru_baseline_fold06_features.json",
  "runtime_seconds": 52.828463077545166,
  "accuracy": 0.8203333333333334,
  "sensitivity": 0.3810240963855422,
  "specificity": 0.9452054794520548,
  "precision": 0.6640419947506562,
  "f1": 0.4842105263157895,
  "balanced_accuracy": 0.6631147879187985,
  "tp": 253,
  "tn": 2208,
  "fp": 128,
  "fn": 411,
  "roc_auc": 0.7801382112353523,
  "pr_auc": 0.5707472388303398
}