{
  "dataset": "default_credit",
  "model": "mlp",
  "condition": "baseline",
  "fold_id": 9,
  "status": "success",
  "n_train": 27000,
  "n_val": 3000,
  "n_train_after_sampling": 27000,
  "epochs_ran": 14,
  "final_train_loss": 0.428368280393106,
  "final_train_accuracy": 0.820925925925926,
  "best_val_accuracy": 0.8293333333333334,
  "final_val_accuracy": 0.8243333333333334,
  "val_loss": 0.4303507769902547,
  "history_path": "/kaggle/working/assignment3_outputs/histories/default_credit_mlp_baseline_fold09_history.csv",
  "checkpoint_path": "/kaggle/working/assignment3_outputs/models/default_credit_mlp_baseline_fold09.pt",
  "feature_count_after_preprocessing": 29,
  "feature_names_path": "/kaggle/working/assignment3_outputs/models/default_credit_mlp_baseline_fold09_features.json",
  "runtime_seconds": 94.02587056159973,
  "accuracy": 0.8243333333333334,
  "sensitivity": 0.3770739064856712,
  "specificity": 0.9512195121951219,
  "precision": 0.6868131868131868,
  "f1": 0.48685491723466406,
  "balanced_accuracy": 0.6641467093403965,
  "tp": 250,
  "tn": 2223,
  "fp": 114,
  "fn": 413,
  "roc_auc": 0.7745314247617352,
  "pr_auc": 0.5525572480021852
}