{
  "dataset": "default_credit",
  "model": "gru",
  "condition": "smoteenn",
  "fold_id": 5,
  "status": "success",
  "n_train": 27000,
  "n_val": 3000,
  "n_train_after_sampling": 26840,
  "epochs_ran": 11,
  "final_train_loss": 0.39543005089468464,
  "final_train_accuracy": 0.798397913561848,
  "best_val_accuracy": 0.7526666666666667,
  "final_val_accuracy": 0.7486666666666667,
  "val_loss": 0.6574350895881653,
  "history_path": "/kaggle/working/assignment3_outputs/histories/default_credit_gru_smoteenn_fold05_history.csv",
  "checkpoint_path": null,
  "feature_count_after_preprocessing": 29,
  "feature_names_path": "/kaggle/working/assignment3_outputs/models/default_credit_gru_smoteenn_fold05_features.json",
  "runtime_seconds": 50.949528217315674,
  "accuracy": 0.7486666666666667,
  "sensitivity": 0.5948795180722891,
  "specificity": 0.7923801369863014,
  "precision": 0.44886363636363635,
  "f1": 0.5116580310880829,
  "balanced_accuracy": 0.6936298275292953,
  "tp": 395,
  "tn": 1851,
  "fp": 485,
  "fn": 269,
  "roc_auc": 0.7430568807765308,
  "pr_auc": 0.5063947077221058
}