{
  "dataset": "default_credit",
  "model": "gru",
  "condition": "smoteenn",
  "fold_id": 1,
  "status": "success",
  "n_train": 27000,
  "n_val": 3000,
  "n_train_after_sampling": 26695,
  "epochs_ran": 7,
  "final_train_loss": 0.4072963089191818,
  "final_train_accuracy": 0.7890990822251358,
  "best_val_accuracy": 0.775,
  "final_val_accuracy": 0.775,
  "val_loss": 0.7014887518882752,
  "history_path": "/kaggle/working/assignment3_outputs/histories/default_credit_gru_smoteenn_fold01_history.csv",
  "checkpoint_path": null,
  "feature_count_after_preprocessing": 29,
  "feature_names_path": "/kaggle/working/assignment3_outputs/models/default_credit_gru_smoteenn_fold01_features.json",
  "runtime_seconds": 32.64668130874634,
  "accuracy": 0.775,
  "sensitivity": 0.5225903614457831,
  "specificity": 0.8467465753424658,
  "precision": 0.4921985815602837,
  "f1": 0.5069393718042366,
  "balanced_accuracy": 0.6846684683941244,
  "tp": 347,
  "tn": 1978,
  "fp": 358,
  "fn": 317,
  "roc_auc": 0.7556221246286515,
  "pr_auc": 0.4902655347635163
}