{
  "dataset": "default_credit",
  "model": "gru",
  "condition": "weighted_bce",
  "fold_id": 6,
  "status": "success",
  "n_train": 27000,
  "n_val": 3000,
  "n_train_after_sampling": 27000,
  "epochs_ran": 20,
  "final_train_loss": 0.867597306781345,
  "final_train_accuracy": 0.7607407407407407,
  "best_val_accuracy": 0.7946666666666666,
  "final_val_accuracy": 0.7716666666666666,
  "val_loss": 0.8694980676968892,
  "history_path": "/kaggle/working/assignment3_outputs/histories/default_credit_gru_weighted_bce_fold06_history.csv",
  "checkpoint_path": null,
  "feature_count_after_preprocessing": 29,
  "feature_names_path": "/kaggle/working/assignment3_outputs/models/default_credit_gru_weighted_bce_fold06_features.json",
  "runtime_seconds": 82.7166428565979,
  "accuracy": 0.7716666666666666,
  "sensitivity": 0.6295180722891566,
  "specificity": 0.8120719178082192,
  "precision": 0.48774795799299886,
  "f1": 0.5496383957922419,
  "balanced_accuracy": 0.7207949950486878,
  "tp": 418,
  "tn": 1897,
  "fp": 439,
  "fn": 246,
  "roc_auc": 0.7814808033503879,
  "pr_auc": 0.5651216989724972
}