{
  "dataset": "default_credit",
  "model": "lstm",
  "condition": "baseline",
  "fold_id": 6,
  "status": "success",
  "n_train": 27000,
  "n_val": 3000,
  "n_train_after_sampling": 27000,
  "val_loss": 0.42473120617866517,
  "history_path": "/kaggle/working/assignment3_outputs/histories/default_credit_lstm_baseline_fold06_history.csv",
  "checkpoint_path": null,
  "feature_count_after_preprocessing": 29,
  "feature_names_path": "/kaggle/working/assignment3_outputs/models/default_credit_lstm_baseline_fold06_features.json",
  "runtime_seconds": 115.80334401130676,
  "accuracy": 0.8183333333333334,
  "sensitivity": 0.37198795180722893,
  "specificity": 0.9452054794520548,
  "precision": 0.6586666666666666,
  "f1": 0.4754571703561116,
  "balanced_accuracy": 0.6585967156296418,
  "tp": 247,
  "tn": 2208,
  "fp": 128,
  "fn": 417,
  "roc_auc": 0.7845911686128074,
  "pr_auc": 0.5722339580564768
}