{
  "dataset": "default_credit",
  "model": "lstm",
  "condition": "smoteenn",
  "fold_id": 8,
  "status": "success",
  "n_train": 27000,
  "n_val": 3000,
  "n_train_after_sampling": 26846,
  "val_loss": 0.6478989268938701,
  "history_path": "/kaggle/working/assignment3_outputs/histories/default_credit_lstm_smoteenn_fold08_history.csv",
  "checkpoint_path": null,
  "feature_count_after_preprocessing": 29,
  "feature_names_path": "/kaggle/working/assignment3_outputs/models/default_credit_lstm_smoteenn_fold08_features.json",
  "runtime_seconds": 30.779948234558105,
  "accuracy": 0.7913333333333333,
  "sensitivity": 0.5173453996983409,
  "specificity": 0.8690629011553274,
  "precision": 0.5285053929121726,
  "f1": 0.5228658536585366,
  "balanced_accuracy": 0.6932041504268341,
  "tp": 343,
  "tn": 2031,
  "fp": 306,
  "fn": 320,
  "roc_auc": 0.7467031445737176,
  "pr_auc": 0.5092847493060629
}