{
  "dataset": "default_credit",
  "model": "gru",
  "condition": "weighted_bce",
  "fold_id": 5,
  "status": "success",
  "n_train": 27000,
  "n_val": 3000,
  "n_train_after_sampling": 27000,
  "val_loss": 0.9042600000699361,
  "history_path": "/kaggle/working/assignment3_outputs/histories/default_credit_gru_weighted_bce_fold05_history.csv",
  "checkpoint_path": null,
  "feature_count_after_preprocessing": 29,
  "feature_names_path": "/kaggle/working/assignment3_outputs/models/default_credit_gru_weighted_bce_fold05_features.json",
  "runtime_seconds": 73.6785306930542,
  "accuracy": 0.7606666666666667,
  "sensitivity": 0.5798192771084337,
  "specificity": 0.8120719178082192,
  "precision": 0.4672330097087379,
  "f1": 0.5174731182795699,
  "balanced_accuracy": 0.6959455974583264,
  "tp": 385,
  "tn": 1897,
  "fp": 439,
  "fn": 279,
  "roc_auc": 0.7563677226027398,
  "pr_auc": 0.5235649775211185
}