{
  "dataset": "default_credit",
  "model": "mlp",
  "condition": "weighted_bce",
  "fold_id": 4,
  "status": "success",
  "n_train": 27000,
  "n_val": 3000,
  "n_train_after_sampling": 27000,
  "epochs_ran": 17,
  "final_train_loss": 0.8606615199336299,
  "final_train_accuracy": 0.7522592592592593,
  "best_val_accuracy": 0.7783333333333333,
  "final_val_accuracy": 0.7673333333333333,
  "val_loss": 0.8676620863278707,
  "history_path": "/kaggle/working/assignment3_outputs/histories/default_credit_mlp_weighted_bce_fold04_history.csv",
  "checkpoint_path": "/kaggle/working/assignment3_outputs/models/default_credit_mlp_weighted_bce_fold04.pt",
  "feature_count_after_preprocessing": 29,
  "feature_names_path": "/kaggle/working/assignment3_outputs/models/default_credit_mlp_weighted_bce_fold04_features.json",
  "runtime_seconds": 116.50950407981873,
  "accuracy": 0.7673333333333333,
  "sensitivity": 0.6295180722891566,
  "specificity": 0.8065068493150684,
  "precision": 0.4804597701149425,
  "f1": 0.5449804432855281,
  "balanced_accuracy": 0.7180124608021126,
  "tp": 418,
  "tn": 1884,
  "fp": 452,
  "fn": 246,
  "roc_auc": 0.7800202307517743,
  "pr_auc": 0.5616902190814432
}