{
  "dataset": "default_credit",
  "model": "lstm",
  "condition": "weighted_bce",
  "fold_id": 5,
  "status": "success",
  "n_train": 27000,
  "n_val": 3000,
  "n_train_after_sampling": 27000,
  "epochs_ran": 20,
  "final_train_loss": 0.8774483651585049,
  "final_train_accuracy": 0.767962962962963,
  "best_val_accuracy": 0.7946666666666666,
  "final_val_accuracy": 0.7643333333333333,
  "val_loss": 0.9105807387034098,
  "history_path": "/kaggle/working/assignment3_outputs/histories/default_credit_lstm_weighted_bce_fold05_history.csv",
  "checkpoint_path": null,
  "feature_count_after_preprocessing": 29,
  "feature_names_path": "/kaggle/working/assignment3_outputs/models/default_credit_lstm_weighted_bce_fold05_features.json",
  "runtime_seconds": 83.18853497505188,
  "accuracy": 0.7643333333333333,
  "sensitivity": 0.5602409638554217,
  "specificity": 0.822345890410959,
  "precision": 0.4726810673443456,
  "f1": 0.512749827705031,
  "balanced_accuracy": 0.6912934271331903,
  "tp": 372,
  "tn": 1921,
  "fp": 415,
  "fn": 292,
  "roc_auc": 0.7513783730813666,
  "pr_auc": 0.512697699059509
}