{
  "dataset": "default_credit",
  "model": "mlp",
  "condition": "smoteenn",
  "fold_id": 9,
  "status": "success",
  "n_train": 27000,
  "n_val": 3000,
  "n_train_after_sampling": 26897,
  "epochs_ran": 7,
  "final_train_loss": 0.3714891894901136,
  "final_train_accuracy": 0.814737703089564,
  "best_val_accuracy": 0.6883333333333334,
  "final_val_accuracy": 0.6883333333333334,
  "val_loss": 0.7702470138867696,
  "history_path": "/kaggle/working/assignment3_outputs/histories/default_credit_mlp_smoteenn_fold09_history.csv",
  "checkpoint_path": "/kaggle/working/assignment3_outputs/models/default_credit_mlp_smoteenn_fold09.pt",
  "feature_count_after_preprocessing": 29,
  "feature_names_path": "/kaggle/working/assignment3_outputs/models/default_credit_mlp_smoteenn_fold09_features.json",
  "runtime_seconds": 51.69278836250305,
  "accuracy": 0.6883333333333334,
  "sensitivity": 0.6892911010558069,
  "specificity": 0.6880616174582799,
  "precision": 0.38532883642495785,
  "f1": 0.4943212547322877,
  "balanced_accuracy": 0.6886763592570434,
  "tp": 457,
  "tn": 1608,
  "fp": 729,
  "fn": 206,
  "roc_auc": 0.77106434555653,
  "pr_auc": 0.5341836775590108
}