{
  "dataset": "default_credit",
  "model": "gru",
  "condition": "smoteenn",
  "fold_id": 9,
  "status": "success",
  "n_train": 27000,
  "n_val": 3000,
  "n_train_after_sampling": 26897,
  "epochs_ran": 11,
  "final_train_loss": 0.3681712545930672,
  "final_train_accuracy": 0.8166710042012121,
  "best_val_accuracy": 0.7376666666666667,
  "final_val_accuracy": 0.642,
  "val_loss": 0.7060810414950053,
  "history_path": "/kaggle/working/assignment3_outputs/histories/default_credit_gru_smoteenn_fold09_history.csv",
  "checkpoint_path": null,
  "feature_count_after_preprocessing": 29,
  "feature_names_path": "/kaggle/working/assignment3_outputs/models/default_credit_gru_smoteenn_fold09_features.json",
  "runtime_seconds": 49.45858597755432,
  "accuracy": 0.642,
  "sensitivity": 0.7405731523378583,
  "specificity": 0.6140350877192983,
  "precision": 0.35247666905958364,
  "f1": 0.4776264591439689,
  "balanced_accuracy": 0.6773041200285783,
  "tp": 491,
  "tn": 1435,
  "fp": 902,
  "fn": 172,
  "roc_auc": 0.7586443023277577,
  "pr_auc": 0.5194393304836878
}