{
  "dataset": "default_credit",
  "model": "gru",
  "condition": "weighted_bce",
  "fold_id": 9,
  "status": "success",
  "n_train": 27000,
  "n_val": 3000,
  "n_train_after_sampling": 27000,
  "epochs_ran": 19,
  "final_train_loss": 0.8776370293829177,
  "final_train_accuracy": 0.7636296296296297,
  "best_val_accuracy": 0.7933333333333333,
  "final_val_accuracy": 0.757,
  "val_loss": 0.8779890263875325,
  "history_path": "/kaggle/working/assignment3_outputs/histories/default_credit_gru_weighted_bce_fold09_history.csv",
  "checkpoint_path": null,
  "feature_count_after_preprocessing": 29,
  "feature_names_path": "/kaggle/working/assignment3_outputs/models/default_credit_gru_weighted_bce_fold09_features.json",
  "runtime_seconds": 78.85252618789673,
  "accuracy": 0.757,
  "sensitivity": 0.5957767722473605,
  "specificity": 0.8027385537013265,
  "precision": 0.4614485981308411,
  "f1": 0.5200789993416721,
  "balanced_accuracy": 0.6992576629743434,
  "tp": 395,
  "tn": 1876,
  "fp": 461,
  "fn": 268,
  "roc_auc": 0.7732490185106662,
  "pr_auc": 0.5521817044999622
}