{
  "dataset": "default_credit",
  "model": "gru",
  "condition": "weighted_bce",
  "fold_id": 4,
  "status": "success",
  "n_train": 27000,
  "n_val": 3000,
  "n_train_after_sampling": 27000,
  "val_loss": 0.8706093610127766,
  "history_path": "/kaggle/working/assignment3_outputs/histories/default_credit_gru_weighted_bce_fold04_history.csv",
  "checkpoint_path": null,
  "feature_count_after_preprocessing": 29,
  "feature_names_path": "/kaggle/working/assignment3_outputs/models/default_credit_gru_weighted_bce_fold04_features.json",
  "runtime_seconds": 65.89976859092712,
  "accuracy": 0.7606666666666667,
  "sensitivity": 0.6340361445783133,
  "specificity": 0.7966609589041096,
  "precision": 0.46986607142857145,
  "f1": 0.5397435897435897,
  "balanced_accuracy": 0.7153485517412115,
  "tp": 421,
  "tn": 1861,
  "fp": 475,
  "fn": 243,
  "roc_auc": 0.7836647317007757,
  "pr_auc": 0.5653622730138296
}