{
  "dataset": "default_credit",
  "model": "gru",
  "condition": "weighted_bce",
  "fold_id": 2,
  "status": "success",
  "n_train": 27000,
  "n_val": 3000,
  "n_train_after_sampling": 27000,
  "val_loss": 0.8501366537412007,
  "history_path": "/kaggle/working/assignment3_outputs/histories/default_credit_gru_weighted_bce_fold02_history.csv",
  "checkpoint_path": null,
  "feature_count_after_preprocessing": 29,
  "feature_names_path": "/kaggle/working/assignment3_outputs/models/default_credit_gru_weighted_bce_fold02_features.json",
  "runtime_seconds": 96.17343258857727,
  "accuracy": 0.7673333333333333,
  "sensitivity": 0.6325301204819277,
  "specificity": 0.8056506849315068,
  "precision": 0.4805491990846682,
  "f1": 0.5461638491547465,
  "balanced_accuracy": 0.7190904027067173,
  "tp": 420,
  "tn": 1882,
  "fp": 454,
  "fn": 244,
  "roc_auc": 0.7956007463071465,
  "pr_auc": 0.5694459755560716
}