{
  "dataset": "default_credit",
  "model": "lstm",
  "condition": "smoteenn",
  "fold_id": 6,
  "status": "success",
  "n_train": 27000,
  "n_val": 3000,
  "n_train_after_sampling": 26792,
  "val_loss": 0.6982936698595683,
  "history_path": "/kaggle/working/assignment3_outputs/histories/default_credit_lstm_smoteenn_fold06_history.csv",
  "checkpoint_path": null,
  "feature_count_after_preprocessing": 29,
  "feature_names_path": "/kaggle/working/assignment3_outputs/models/default_credit_lstm_smoteenn_fold06_features.json",
  "runtime_seconds": 34.728609561920166,
  "accuracy": 0.6213333333333333,
  "sensitivity": 0.766566265060241,
  "specificity": 0.5800513698630136,
  "precision": 0.3416107382550336,
  "f1": 0.4726090993500464,
  "balanced_accuracy": 0.6733088174616273,
  "tp": 509,
  "tn": 1355,
  "fp": 981,
  "fn": 155,
  "roc_auc": 0.7567941930392805,
  "pr_auc": 0.5073511561008278
}