{
  "dataset": "default_credit",
  "model": "lstm",
  "condition": "baseline",
  "fold_id": 8,
  "status": "success",
  "n_train": 27000,
  "n_val": 3000,
  "n_train_after_sampling": 27000,
  "epochs_ran": 14,
  "final_train_loss": 0.4349002211800328,
  "final_train_accuracy": 0.8198888888888889,
  "best_val_accuracy": 0.8303333333333334,
  "final_val_accuracy": 0.8266666666666667,
  "val_loss": 0.4333581674893697,
  "history_path": "/kaggle/working/assignment3_outputs/histories/default_credit_lstm_baseline_fold08_history.csv",
  "checkpoint_path": null,
  "feature_count_after_preprocessing": 29,
  "feature_names_path": "/kaggle/working/assignment3_outputs/models/default_credit_lstm_baseline_fold08_features.json",
  "runtime_seconds": 57.680530309677124,
  "accuracy": 0.8266666666666667,
  "sensitivity": 0.3740573152337858,
  "specificity": 0.9550706033376123,
  "precision": 0.7025495750708215,
  "f1": 0.4881889763779528,
  "balanced_accuracy": 0.6645639592856991,
  "tp": 248,
  "tn": 2232,
  "fp": 105,
  "fn": 415,
  "roc_auc": 0.7623233948462371,
  "pr_auc": 0.549850814318951
}