{
  "dataset": "default_credit",
  "model": "lstm",
  "condition": "smoteenn",
  "fold_id": 4,
  "status": "success",
  "n_train": 27000,
  "n_val": 3000,
  "n_train_after_sampling": 26816,
  "epochs_ran": 7,
  "final_train_loss": 0.42066493125405685,
  "final_train_accuracy": 0.7821822792362768,
  "best_val_accuracy": 0.7513333333333333,
  "final_val_accuracy": 0.7513333333333333,
  "val_loss": 0.7072898704210917,
  "history_path": "/kaggle/working/assignment3_outputs/histories/default_credit_lstm_smoteenn_fold04_history.csv",
  "checkpoint_path": null,
  "feature_count_after_preprocessing": 29,
  "feature_names_path": "/kaggle/working/assignment3_outputs/models/default_credit_lstm_smoteenn_fold04_features.json",
  "runtime_seconds": 33.03382754325867,
  "accuracy": 0.7513333333333333,
  "sensitivity": 0.6521084337349398,
  "specificity": 0.7795376712328768,
  "precision": 0.45675105485232065,
  "f1": 0.5372208436724566,
  "balanced_accuracy": 0.7158230524839082,
  "tp": 433,
  "tn": 1821,
  "fp": 515,
  "fn": 231,
  "roc_auc": 0.7685799920572702,
  "pr_auc": 0.5081558130317176
}