{
  "dataset": "default_credit",
  "model": "mlp",
  "condition": "smoteenn",
  "fold_id": 6,
  "status": "success",
  "n_train": 27000,
  "n_val": 3000,
  "n_train_after_sampling": 26792,
  "epochs_ran": 8,
  "final_train_loss": 0.36684301409233006,
  "final_train_accuracy": 0.8174081815467303,
  "best_val_accuracy": 0.6773333333333333,
  "final_val_accuracy": 0.6773333333333333,
  "val_loss": 0.7744043304125467,
  "history_path": "/kaggle/working/assignment3_outputs/histories/default_credit_mlp_smoteenn_fold06_history.csv",
  "checkpoint_path": "/kaggle/working/assignment3_outputs/models/default_credit_mlp_smoteenn_fold06.pt",
  "feature_count_after_preprocessing": 29,
  "feature_names_path": "/kaggle/working/assignment3_outputs/models/default_credit_mlp_smoteenn_fold06_features.json",
  "runtime_seconds": 57.37560725212097,
  "accuracy": 0.6773333333333333,
  "sensitivity": 0.7213855421686747,
  "specificity": 0.6648116438356164,
  "precision": 0.3795562599049128,
  "f1": 0.4974039460020768,
  "balanced_accuracy": 0.6930985930021456,
  "tp": 479,
  "tn": 1553,
  "fp": 783,
  "fn": 185,
  "roc_auc": 0.7770626598861199,
  "pr_auc": 0.5506991200659467
}