{
  "dataset": "default_credit",
  "model": "lstm",
  "condition": "baseline",
  "fold_id": 10,
  "status": "success",
  "n_train": 27000,
  "n_val": 3000,
  "n_train_after_sampling": 27000,
  "epochs_ran": 33,
  "final_train_loss": 0.41936555377642315,
  "final_train_accuracy": 0.8241111111111111,
  "best_val_accuracy": 0.819,
  "final_val_accuracy": 0.8163333333333334,
  "val_loss": 0.4294900687535604,
  "history_path": "/kaggle/working/assignment3_outputs/histories/default_credit_lstm_baseline_fold10_history.csv",
  "checkpoint_path": null,
  "feature_count_after_preprocessing": 29,
  "feature_names_path": "/kaggle/working/assignment3_outputs/models/default_credit_lstm_baseline_fold10_features.json",
  "runtime_seconds": 137.44912004470825,
  "accuracy": 0.8163333333333334,
  "sensitivity": 0.31221719457013575,
  "specificity": 0.959349593495935,
  "precision": 0.6854304635761589,
  "f1": 0.42901554404145076,
  "balanced_accuracy": 0.6357833940330353,
  "tp": 207,
  "tn": 2242,
  "fp": 95,
  "fn": 456,
  "roc_auc": 0.7791418269029082,
  "pr_auc": 0.5503115067340266
}