{
  "dataset": "default_credit",
  "model": "mlp",
  "condition": "focal_loss",
  "fold_id": 1,
  "status": "success",
  "n_train": 27000,
  "n_val": 3000,
  "n_train_after_sampling": 27000,
  "epochs_ran": 11,
  "final_train_loss": 0.04905833042219833,
  "final_train_accuracy": 0.7571481481481481,
  "best_val_accuracy": 0.7983333333333333,
  "final_val_accuracy": 0.7643333333333333,
  "val_loss": 0.04941364816824595,
  "history_path": "/kaggle/working/assignment3_outputs/histories/default_credit_mlp_focal_loss_fold01_history.csv",
  "checkpoint_path": "/kaggle/working/assignment3_outputs/models/default_credit_mlp_focal_loss_fold01.pt",
  "feature_count_after_preprocessing": 29,
  "feature_names_path": "/kaggle/working/assignment3_outputs/models/default_credit_mlp_focal_loss_fold01_features.json",
  "runtime_seconds": 81.02450799942017,
  "accuracy": 0.7643333333333333,
  "sensitivity": 0.6174698795180723,
  "specificity": 0.8060787671232876,
  "precision": 0.47508690614136734,
  "f1": 0.5370006548788474,
  "balanced_accuracy": 0.7117743233206799,
  "tp": 410,
  "tn": 1883,
  "fp": 453,
  "fn": 254,
  "roc_auc": 0.7763747627496287,
  "pr_auc": 0.527810601902436
}