{
  "dataset": "default_credit",
  "model": "gru",
  "condition": "smoteenn",
  "fold_id": 10,
  "status": "success",
  "n_train": 27000,
  "n_val": 3000,
  "n_train_after_sampling": 26798,
  "val_loss": 0.7068257996241252,
  "history_path": "/kaggle/working/assignment3_outputs/histories/default_credit_gru_smoteenn_fold10_history.csv",
  "checkpoint_path": null,
  "feature_count_after_preprocessing": 29,
  "feature_names_path": "/kaggle/working/assignment3_outputs/models/default_credit_gru_smoteenn_fold10_features.json",
  "runtime_seconds": 58.33859181404114,
  "accuracy": 0.6643333333333333,
  "sensitivity": 0.7330316742081447,
  "specificity": 0.6448438168592212,
  "precision": 0.36930091185410335,
  "f1": 0.49115715007579586,
  "balanced_accuracy": 0.6889377455336829,
  "tp": 486,
  "tn": 1507,
  "fp": 830,
  "fn": 177,
  "roc_auc": 0.7704144295551077,
  "pr_auc": 0.5412126977855627
}