{
  "dataset": "default_credit",
  "model": "mlp",
  "condition": "baseline",
  "fold_id": 6,
  "status": "success",
  "n_train": 27000,
  "n_val": 3000,
  "n_train_after_sampling": 27000,
  "epochs_ran": 13,
  "final_train_loss": 0.4285851425594754,
  "final_train_accuracy": 0.8204444444444444,
  "best_val_accuracy": 0.8233333333333334,
  "final_val_accuracy": 0.8233333333333334,
  "val_loss": 0.4276374797026316,
  "history_path": "/kaggle/working/assignment3_outputs/histories/default_credit_mlp_baseline_fold06_history.csv",
  "checkpoint_path": "/kaggle/working/assignment3_outputs/models/default_credit_mlp_baseline_fold06.pt",
  "feature_count_after_preprocessing": 29,
  "feature_names_path": "/kaggle/working/assignment3_outputs/models/default_credit_mlp_baseline_fold06_features.json",
  "runtime_seconds": 87.81851625442505,
  "accuracy": 0.8233333333333334,
  "sensitivity": 0.37349397590361444,
  "specificity": 0.9511986301369864,
  "precision": 0.6850828729281768,
  "f1": 0.4834307992202729,
  "balanced_accuracy": 0.6623463030203004,
  "tp": 248,
  "tn": 2222,
  "fp": 114,
  "fn": 416,
  "roc_auc": 0.7808467388389173,
  "pr_auc": 0.5569426331227527
}