{
  "dataset": "default_credit",
  "model": "lstm",
  "condition": "weighted_bce",
  "fold_id": 6,
  "status": "success",
  "n_train": 27000,
  "n_val": 3000,
  "n_train_after_sampling": 27000,
  "epochs_ran": 14,
  "final_train_loss": 0.8867931147151523,
  "final_train_accuracy": 0.7576666666666667,
  "best_val_accuracy": 0.7933333333333333,
  "final_val_accuracy": 0.772,
  "val_loss": 0.8699374039967854,
  "history_path": "/kaggle/working/assignment3_outputs/histories/default_credit_lstm_weighted_bce_fold06_history.csv",
  "checkpoint_path": null,
  "feature_count_after_preprocessing": 29,
  "feature_names_path": "/kaggle/working/assignment3_outputs/models/default_credit_lstm_weighted_bce_fold06_features.json",
  "runtime_seconds": 58.53730845451355,
  "accuracy": 0.772,
  "sensitivity": 0.6325301204819277,
  "specificity": 0.8116438356164384,
  "precision": 0.4883720930232558,
  "f1": 0.5511811023622047,
  "balanced_accuracy": 0.722086978049183,
  "tp": 420,
  "tn": 1896,
  "fp": 440,
  "fn": 244,
  "roc_auc": 0.7814659752021785,
  "pr_auc": 0.5627836390859808
}