{
  "dataset": "default_credit",
  "model": "gru",
  "condition": "focal_loss",
  "fold_id": 1,
  "status": "success",
  "n_train": 27000,
  "n_val": 3000,
  "n_train_after_sampling": 27000,
  "val_loss": 0.050024176985025405,
  "history_path": "/kaggle/working/assignment3_outputs/histories/default_credit_gru_focal_loss_fold01_history.csv",
  "checkpoint_path": null,
  "feature_count_after_preprocessing": 29,
  "feature_names_path": "/kaggle/working/assignment3_outputs/models/default_credit_gru_focal_loss_fold01_features.json",
  "runtime_seconds": 69.85282397270203,
  "accuracy": 0.7663333333333333,
  "sensitivity": 0.6069277108433735,
  "specificity": 0.8116438356164384,
  "precision": 0.47805456702253857,
  "f1": 0.5348374253483743,
  "balanced_accuracy": 0.7092857732299059,
  "tp": 403,
  "tn": 1896,
  "fp": 440,
  "fn": 261,
  "roc_auc": 0.771204574290312,
  "pr_auc": 0.5266681196441984
}