{
  "dataset": "default_credit",
  "model": "gru",
  "condition": "smoteenn",
  "fold_id": 4,
  "status": "success",
  "n_train": 27000,
  "n_val": 3000,
  "n_train_after_sampling": 26816,
  "val_loss": 0.6921920037269592,
  "history_path": "/kaggle/working/assignment3_outputs/histories/default_credit_gru_smoteenn_fold04_history.csv",
  "checkpoint_path": null,
  "feature_count_after_preprocessing": 29,
  "feature_names_path": "/kaggle/working/assignment3_outputs/models/default_credit_gru_smoteenn_fold04_features.json",
  "runtime_seconds": 66.7186188697815,
  "accuracy": 0.7536666666666667,
  "sensitivity": 0.6460843373493976,
  "specificity": 0.7842465753424658,
  "precision": 0.45980707395498394,
  "f1": 0.5372573575453976,
  "balanced_accuracy": 0.7151654563459318,
  "tp": 429,
  "tn": 1832,
  "fp": 504,
  "fn": 235,
  "roc_auc": 0.7746430929196237,
  "pr_auc": 0.5354107166348178
}