{
  "dataset": "default_credit",
  "model": "lstm",
  "condition": "baseline",
  "fold_id": 3,
  "status": "success",
  "n_train": 27000,
  "n_val": 3000,
  "n_train_after_sampling": 27000,
  "epochs_ran": 14,
  "final_train_loss": 0.4343810208550206,
  "final_train_accuracy": 0.8212962962962963,
  "best_val_accuracy": 0.8096666666666666,
  "final_val_accuracy": 0.8076666666666666,
  "val_loss": 0.4506384888490041,
  "history_path": "/kaggle/working/assignment3_outputs/histories/default_credit_lstm_baseline_fold03_history.csv",
  "checkpoint_path": null,
  "feature_count_after_preprocessing": 29,
  "feature_names_path": "/kaggle/working/assignment3_outputs/models/default_credit_lstm_baseline_fold03_features.json",
  "runtime_seconds": 59.487419843673706,
  "accuracy": 0.8076666666666666,
  "sensitivity": 0.30120481927710846,
  "specificity": 0.9516267123287672,
  "precision": 0.6389776357827476,
  "f1": 0.4094165813715456,
  "balanced_accuracy": 0.6264157658029378,
  "tp": 200,
  "tn": 2223,
  "fp": 113,
  "fn": 464,
  "roc_auc": 0.7471226945453044,
  "pr_auc": 0.49394633559711476
}