{
  "dataset": "default_credit",
  "model": "lstm",
  "condition": "smoteenn",
  "fold_id": 2,
  "status": "success",
  "n_train": 27000,
  "n_val": 3000,
  "n_train_after_sampling": 26792,
  "epochs_ran": 11,
  "final_train_loss": 0.39569461924989174,
  "final_train_accuracy": 0.7961331740818155,
  "best_val_accuracy": 0.7873333333333333,
  "final_val_accuracy": 0.779,
  "val_loss": 0.6088533318837483,
  "history_path": "/kaggle/working/assignment3_outputs/histories/default_credit_lstm_smoteenn_fold02_history.csv",
  "checkpoint_path": null,
  "feature_count_after_preprocessing": 29,
  "feature_names_path": "/kaggle/working/assignment3_outputs/models/default_credit_lstm_smoteenn_fold02_features.json",
  "runtime_seconds": 50.69075322151184,
  "accuracy": 0.779,
  "sensitivity": 0.6280120481927711,
  "specificity": 0.821917808219178,
  "precision": 0.5006002400960384,
  "f1": 0.5571142284569138,
  "balanced_accuracy": 0.7249649282059746,
  "tp": 417,
  "tn": 1920,
  "fp": 416,
  "fn": 247,
  "roc_auc": 0.7925042421397921,
  "pr_auc": 0.5550580377224064
}