{
  "dataset": "default_credit",
  "model": "gru",
  "condition": "smoteenn",
  "fold_id": 6,
  "status": "success",
  "n_train": 27000,
  "n_val": 3000,
  "n_train_after_sampling": 26792,
  "epochs_ran": 10,
  "final_train_loss": 0.3819090905261417,
  "final_train_accuracy": 0.8127052851597492,
  "best_val_accuracy": 0.761,
  "final_val_accuracy": 0.761,
  "val_loss": 0.7030586743354797,
  "history_path": "/kaggle/working/assignment3_outputs/histories/default_credit_gru_smoteenn_fold06_history.csv",
  "checkpoint_path": null,
  "feature_count_after_preprocessing": 29,
  "feature_names_path": "/kaggle/working/assignment3_outputs/models/default_credit_gru_smoteenn_fold06_features.json",
  "runtime_seconds": 46.62250852584839,
  "accuracy": 0.761,
  "sensitivity": 0.6460843373493976,
  "specificity": 0.7936643835616438,
  "precision": 0.47091108671789245,
  "f1": 0.5447619047619048,
  "balanced_accuracy": 0.7198743604555207,
  "tp": 429,
  "tn": 1854,
  "fp": 482,
  "fn": 235,
  "roc_auc": 0.7752452446773395,
  "pr_auc": 0.542604587867105
}