{
  "dataset": "default_credit",
  "model": "gru",
  "condition": "weighted_bce",
  "fold_id": 7,
  "status": "success",
  "n_train": 27000,
  "n_val": 3000,
  "n_train_after_sampling": 27000,
  "epochs_ran": 26,
  "final_train_loss": 0.8469842071886415,
  "final_train_accuracy": 0.7571481481481481,
  "best_val_accuracy": 0.806,
  "final_val_accuracy": 0.7696666666666667,
  "val_loss": 0.8654714501698811,
  "history_path": "/kaggle/working/assignment3_outputs/histories/default_credit_gru_weighted_bce_fold07_history.csv",
  "checkpoint_path": null,
  "feature_count_after_preprocessing": 29,
  "feature_names_path": "/kaggle/working/assignment3_outputs/models/default_credit_gru_weighted_bce_fold07_features.json",
  "runtime_seconds": 106.55143880844116,
  "accuracy": 0.7696666666666667,
  "sensitivity": 0.6048265460030166,
  "specificity": 0.8164313222079589,
  "precision": 0.4831325301204819,
  "f1": 0.5371734762223711,
  "balanced_accuracy": 0.7106289341054877,
  "tp": 401,
  "tn": 1908,
  "fp": 429,
  "fn": 262,
  "roc_auc": 0.7804849005860861,
  "pr_auc": 0.5639261720200132
}