{
  "dataset": "default_credit",
  "model": "mlp",
  "condition": "weighted_bce",
  "fold_id": 2,
  "status": "success",
  "n_train": 27000,
  "n_val": 3000,
  "n_train_after_sampling": 27000,
  "epochs_ran": 17,
  "final_train_loss": 0.8645621968551919,
  "final_train_accuracy": 0.7531481481481481,
  "best_val_accuracy": 0.7813333333333333,
  "final_val_accuracy": 0.7783333333333333,
  "val_loss": 0.8376259531974792,
  "history_path": "/kaggle/working/assignment3_outputs/histories/default_credit_mlp_weighted_bce_fold02_history.csv",
  "checkpoint_path": "/kaggle/working/assignment3_outputs/models/default_credit_mlp_weighted_bce_fold02.pt",
  "feature_count_after_preprocessing": 29,
  "feature_names_path": "/kaggle/working/assignment3_outputs/models/default_credit_mlp_weighted_bce_fold02_features.json",
  "runtime_seconds": 114.2681176662445,
  "accuracy": 0.7783333333333333,
  "sensitivity": 0.6280120481927711,
  "specificity": 0.8210616438356164,
  "precision": 0.4994011976047904,
  "f1": 0.5563709139426284,
  "balanced_accuracy": 0.7245368460141938,
  "tp": 417,
  "tn": 1918,
  "fp": 418,
  "fn": 247,
  "roc_auc": 0.8046198062799141,
  "pr_auc": 0.568512859927769
}