{
  "dataset": "default_credit",
  "model": "gru",
  "condition": "focal_loss",
  "fold_id": 2,
  "status": "success",
  "n_train": 27000,
  "n_val": 3000,
  "n_train_after_sampling": 27000,
  "val_loss": 0.04842612333099047,
  "history_path": "/kaggle/working/assignment3_outputs/histories/default_credit_gru_focal_loss_fold02_history.csv",
  "checkpoint_path": null,
  "feature_count_after_preprocessing": 29,
  "feature_names_path": "/kaggle/working/assignment3_outputs/models/default_credit_gru_focal_loss_fold02_features.json",
  "runtime_seconds": 56.827205657958984,
  "accuracy": 0.7923333333333333,
  "sensitivity": 0.5963855421686747,
  "specificity": 0.8480308219178082,
  "precision": 0.5272969374167776,
  "f1": 0.5597173144876325,
  "balanced_accuracy": 0.7222081820432414,
  "tp": 396,
  "tn": 1981,
  "fp": 355,
  "fn": 268,
  "roc_auc": 0.7920961457129889,
  "pr_auc": 0.5694464987055664
}