{
  "dataset": "default_credit",
  "model": "lstm",
  "condition": "focal_loss",
  "fold_id": 3,
  "status": "success",
  "n_train": 27000,
  "n_val": 3000,
  "n_train_after_sampling": 27000,
  "val_loss": 0.0513071137368679,
  "history_path": "/kaggle/working/assignment3_outputs/histories/default_credit_lstm_focal_loss_fold03_history.csv",
  "checkpoint_path": null,
  "feature_count_after_preprocessing": 29,
  "feature_names_path": "/kaggle/working/assignment3_outputs/models/default_credit_lstm_focal_loss_fold03_features.json",
  "runtime_seconds": 58.82736659049988,
  "accuracy": 0.7533333333333333,
  "sensitivity": 0.5978915662650602,
  "specificity": 0.7975171232876712,
  "precision": 0.45632183908045976,
  "f1": 0.5176010430247718,
  "balanced_accuracy": 0.6977043447763658,
  "tp": 397,
  "tn": 1863,
  "fp": 473,
  "fn": 267,
  "roc_auc": 0.7525623684807724,
  "pr_auc": 0.5061064793190774
}