{
  "dataset": "default_credit",
  "model": "mlp",
  "condition": "baseline",
  "fold_id": 3,
  "status": "success",
  "n_train": 27000,
  "n_val": 3000,
  "n_train_after_sampling": 27000,
  "epochs_ran": 14,
  "final_train_loss": 0.4257170376954255,
  "final_train_accuracy": 0.8223333333333334,
  "best_val_accuracy": 0.8113333333333334,
  "final_val_accuracy": 0.8086666666666666,
  "val_loss": 0.4406284841696421,
  "history_path": "/kaggle/working/assignment3_outputs/histories/default_credit_mlp_baseline_fold03_history.csv",
  "checkpoint_path": "/kaggle/working/assignment3_outputs/models/default_credit_mlp_baseline_fold03.pt",
  "feature_count_after_preprocessing": 29,
  "feature_names_path": "/kaggle/working/assignment3_outputs/models/default_credit_mlp_baseline_fold03_features.json",
  "runtime_seconds": 97.09362983703613,
  "accuracy": 0.8086666666666666,
  "sensitivity": 0.30120481927710846,
  "specificity": 0.9529109589041096,
  "precision": 0.6451612903225806,
  "f1": 0.4106776180698152,
  "balanced_accuracy": 0.627057889090609,
  "tp": 200,
  "tn": 2226,
  "fp": 110,
  "fn": 464,
  "roc_auc": 0.7695061066182538,
  "pr_auc": 0.5222644483039832
}