{
  "dataset": "default_credit",
  "model": "lstm",
  "condition": "baseline",
  "fold_id": 9,
  "status": "success",
  "n_train": 27000,
  "n_val": 3000,
  "n_train_after_sampling": 27000,
  "epochs_ran": 21,
  "final_train_loss": 0.43018301416326454,
  "final_train_accuracy": 0.8213333333333334,
  "best_val_accuracy": 0.828,
  "final_val_accuracy": 0.8253333333333334,
  "val_loss": 0.4316296106974284,
  "history_path": "/kaggle/working/assignment3_outputs/histories/default_credit_lstm_baseline_fold09_history.csv",
  "checkpoint_path": null,
  "feature_count_after_preprocessing": 29,
  "feature_names_path": "/kaggle/working/assignment3_outputs/models/default_credit_lstm_baseline_fold09_features.json",
  "runtime_seconds": 86.06266689300537,
  "accuracy": 0.8253333333333334,
  "sensitivity": 0.3665158371040724,
  "specificity": 0.9554985023534446,
  "precision": 0.7002881844380403,
  "f1": 0.48118811881188117,
  "balanced_accuracy": 0.6610071697287585,
  "tp": 243,
  "tn": 2233,
  "fp": 104,
  "fn": 420,
  "roc_auc": 0.76788253236188,
  "pr_auc": 0.5520825603826165
}