{
  "dataset": "default_credit",
  "model": "gru",
  "condition": "baseline",
  "fold_id": 7,
  "status": "success",
  "n_train": 27000,
  "n_val": 3000,
  "n_train_after_sampling": 27000,
  "val_loss": 0.4282201799551646,
  "history_path": "/kaggle/working/assignment3_outputs/histories/default_credit_gru_baseline_fold07_history.csv",
  "checkpoint_path": null,
  "feature_count_after_preprocessing": 29,
  "feature_names_path": "/kaggle/working/assignment3_outputs/models/default_credit_gru_baseline_fold07_features.json",
  "runtime_seconds": 83.15467238426208,
  "accuracy": 0.8283333333333334,
  "sensitivity": 0.3665158371040724,
  "specificity": 0.959349593495935,
  "precision": 0.7189349112426036,
  "f1": 0.4855144855144855,
  "balanced_accuracy": 0.6629327153000036,
  "tp": 243,
  "tn": 2242,
  "fp": 95,
  "fn": 420,
  "roc_auc": 0.7695618585145128,
  "pr_auc": 0.5593262120960544
}