{
  "dataset": "default_credit",
  "model": "mlp",
  "condition": "weighted_bce",
  "fold_id": 5,
  "status": "success",
  "n_train": 27000,
  "n_val": 3000,
  "n_train_after_sampling": 27000,
  "epochs_ran": 9,
  "final_train_loss": 0.8696300944575557,
  "final_train_accuracy": 0.7512222222222222,
  "best_val_accuracy": 0.7696666666666667,
  "final_val_accuracy": 0.7613333333333333,
  "val_loss": 0.8886674944559733,
  "history_path": "/kaggle/working/assignment3_outputs/histories/default_credit_mlp_weighted_bce_fold05_history.csv",
  "checkpoint_path": "/kaggle/working/assignment3_outputs/models/default_credit_mlp_weighted_bce_fold05.pt",
  "feature_count_after_preprocessing": 29,
  "feature_names_path": "/kaggle/working/assignment3_outputs/models/default_credit_mlp_weighted_bce_fold05_features.json",
  "runtime_seconds": 61.56270980834961,
  "accuracy": 0.7613333333333333,
  "sensitivity": 0.5873493975903614,
  "specificity": 0.8107876712328768,
  "precision": 0.46875,
  "f1": 0.5213903743315508,
  "balanced_accuracy": 0.6990685344116191,
  "tp": 390,
  "tn": 1894,
  "fp": 442,
  "fn": 274,
  "roc_auc": 0.7683636945040435,
  "pr_auc": 0.5392788683074387
}