{
  "dataset": "default_credit",
  "model": "gru",
  "condition": "baseline",
  "fold_id": 9,
  "status": "success",
  "n_train": 27000,
  "n_val": 3000,
  "n_train_after_sampling": 27000,
  "val_loss": 0.4320088091691335,
  "history_path": "/kaggle/working/assignment3_outputs/histories/default_credit_gru_baseline_fold09_history.csv",
  "checkpoint_path": null,
  "feature_count_after_preprocessing": 29,
  "feature_names_path": "/kaggle/working/assignment3_outputs/models/default_credit_gru_baseline_fold09_features.json",
  "runtime_seconds": 87.6891405582428,
  "accuracy": 0.8256666666666667,
  "sensitivity": 0.36199095022624433,
  "specificity": 0.9572100984167736,
  "precision": 0.7058823529411765,
  "f1": 0.4785643070787637,
  "balanced_accuracy": 0.659600524321509,
  "tp": 240,
  "tn": 2237,
  "fp": 100,
  "fn": 423,
  "roc_auc": 0.7693911506869295,
  "pr_auc": 0.5543823184563069
}