{
  "dataset": "default_credit",
  "model": "gru",
  "condition": "baseline",
  "fold_id": 10,
  "status": "success",
  "n_train": 27000,
  "n_val": 3000,
  "n_train_after_sampling": 27000,
  "epochs_ran": 25,
  "final_train_loss": 0.4246153971530773,
  "final_train_accuracy": 0.8242962962962963,
  "best_val_accuracy": 0.8213333333333334,
  "final_val_accuracy": 0.8206666666666667,
  "val_loss": 0.43058339722951255,
  "history_path": "/kaggle/working/assignment3_outputs/histories/default_credit_gru_baseline_fold10_history.csv",
  "checkpoint_path": null,
  "feature_count_after_preprocessing": 29,
  "feature_names_path": "/kaggle/working/assignment3_outputs/models/default_credit_gru_baseline_fold10_features.json",
  "runtime_seconds": 100.20796513557434,
  "accuracy": 0.8206666666666667,
  "sensitivity": 0.34238310708898945,
  "specificity": 0.9563543003851092,
  "precision": 0.6899696048632219,
  "f1": 0.4576612903225806,
  "balanced_accuracy": 0.6493687037370492,
  "tp": 227,
  "tn": 2235,
  "fp": 102,
  "fn": 436,
  "roc_auc": 0.7769306926220012,
  "pr_auc": 0.5544159021045916
}