{
  "dataset": "default_credit",
  "model": "lstm",
  "condition": "baseline",
  "fold_id": 7,
  "status": "success",
  "n_train": 27000,
  "n_val": 3000,
  "n_train_after_sampling": 27000,
  "epochs_ran": 27,
  "final_train_loss": 0.4266742996639676,
  "final_train_accuracy": 0.8221111111111111,
  "best_val_accuracy": 0.8273333333333334,
  "final_val_accuracy": 0.824,
  "val_loss": 0.42974907978375754,
  "history_path": "/kaggle/working/assignment3_outputs/histories/default_credit_lstm_baseline_fold07_history.csv",
  "checkpoint_path": null,
  "feature_count_after_preprocessing": 29,
  "feature_names_path": "/kaggle/working/assignment3_outputs/models/default_credit_lstm_baseline_fold07_features.json",
  "runtime_seconds": 110.82815885543823,
  "accuracy": 0.824,
  "sensitivity": 0.34087481146304677,
  "specificity": 0.961061189559264,
  "precision": 0.7129337539432177,
  "f1": 0.46122448979591835,
  "balanced_accuracy": 0.6509680005111553,
  "tp": 226,
  "tn": 2246,
  "fp": 91,
  "fn": 437,
  "roc_auc": 0.7694679530743866,
  "pr_auc": 0.5470315455313227
}