{
  "dataset": "default_credit",
  "model": "lstm",
  "condition": "focal_loss",
  "fold_id": 7,
  "status": "success",
  "n_train": 27000,
  "n_val": 3000,
  "n_train_after_sampling": 27000,
  "epochs_ran": 15,
  "final_train_loss": 0.04960883847210142,
  "final_train_accuracy": 0.7610370370370371,
  "best_val_accuracy": 0.7996666666666666,
  "final_val_accuracy": 0.796,
  "val_loss": 0.0495131782690684,
  "history_path": "/kaggle/working/assignment3_outputs/histories/default_credit_lstm_focal_loss_fold07_history.csv",
  "checkpoint_path": null,
  "feature_count_after_preprocessing": 29,
  "feature_names_path": "/kaggle/working/assignment3_outputs/models/default_credit_lstm_focal_loss_fold07_features.json",
  "runtime_seconds": 65.80587840080261,
  "accuracy": 0.796,
  "sensitivity": 0.5520361990950227,
  "specificity": 0.865211810012837,
  "precision": 0.5374449339207048,
  "f1": 0.5446428571428571,
  "balanced_accuracy": 0.7086240045539298,
  "tp": 366,
  "tn": 2022,
  "fp": 315,
  "fn": 297,
  "roc_auc": 0.7710940338743706,
  "pr_auc": 0.5501614777452495
}