{
  "dataset": "default_credit",
  "model": "lstm",
  "condition": "weighted_bce",
  "fold_id": 10,
  "status": "success",
  "n_train": 27000,
  "n_val": 3000,
  "n_train_after_sampling": 27000,
  "epochs_ran": 28,
  "final_train_loss": 0.8538241113203543,
  "final_train_accuracy": 0.7673333333333333,
  "best_val_accuracy": 0.7956666666666666,
  "final_val_accuracy": 0.7743333333333333,
  "val_loss": 0.8798050479888916,
  "history_path": "/kaggle/working/assignment3_outputs/histories/default_credit_lstm_weighted_bce_fold10_history.csv",
  "checkpoint_path": null,
  "feature_count_after_preprocessing": 29,
  "feature_names_path": "/kaggle/working/assignment3_outputs/models/default_credit_lstm_weighted_bce_fold10_features.json",
  "runtime_seconds": 118.04680943489075,
  "accuracy": 0.7743333333333333,
  "sensitivity": 0.5595776772247361,
  "specificity": 0.8352588789045785,
  "precision": 0.49074074074074076,
  "f1": 0.5229034531360113,
  "balanced_accuracy": 0.6974182780646573,
  "tp": 371,
  "tn": 1952,
  "fp": 385,
  "fn": 292,
  "roc_auc": 0.774308762377931,
  "pr_auc": 0.5494781122209654
}