{
  "dataset": "default_credit",
  "model": "mlp",
  "condition": "baseline",
  "fold_id": 4,
  "status": "success",
  "n_train": 27000,
  "n_val": 3000,
  "n_train_after_sampling": 27000,
  "epochs_ran": 10,
  "final_train_loss": 0.43136772773883963,
  "final_train_accuracy": 0.8201851851851852,
  "best_val_accuracy": 0.8236666666666667,
  "final_val_accuracy": 0.8236666666666667,
  "val_loss": 0.42656902623176574,
  "history_path": "/kaggle/working/assignment3_outputs/histories/default_credit_mlp_baseline_fold04_history.csv",
  "checkpoint_path": "/kaggle/working/assignment3_outputs/models/default_credit_mlp_baseline_fold04.pt",
  "feature_count_after_preprocessing": 29,
  "feature_names_path": "/kaggle/working/assignment3_outputs/models/default_credit_mlp_baseline_fold04_features.json",
  "runtime_seconds": 69.81820845603943,
  "accuracy": 0.8236666666666667,
  "sensitivity": 0.3569277108433735,
  "specificity": 0.9563356164383562,
  "precision": 0.6991150442477876,
  "f1": 0.47258225324027914,
  "balanced_accuracy": 0.6566316636408649,
  "tp": 237,
  "tn": 2234,
  "fp": 102,
  "fn": 427,
  "roc_auc": 0.7846153449414094,
  "pr_auc": 0.5591434337572265
}