{
  "dataset": "default_credit",
  "model": "mlp",
  "condition": "weighted_bce",
  "fold_id": 10,
  "status": "success",
  "n_train": 27000,
  "n_val": 3000,
  "n_train_after_sampling": 27000,
  "epochs_ran": 14,
  "final_train_loss": 0.8637876790011371,
  "final_train_accuracy": 0.7522222222222222,
  "best_val_accuracy": 0.778,
  "final_val_accuracy": 0.7653333333333333,
  "val_loss": 0.8831196128527323,
  "history_path": "/kaggle/working/assignment3_outputs/histories/default_credit_mlp_weighted_bce_fold10_history.csv",
  "checkpoint_path": "/kaggle/working/assignment3_outputs/models/default_credit_mlp_weighted_bce_fold10.pt",
  "feature_count_after_preprocessing": 29,
  "feature_names_path": "/kaggle/working/assignment3_outputs/models/default_credit_mlp_weighted_bce_fold10_features.json",
  "runtime_seconds": 96.908686876297,
  "accuracy": 0.7653333333333333,
  "sensitivity": 0.5897435897435898,
  "specificity": 0.8151476251604621,
  "precision": 0.47509113001215064,
  "f1": 0.5262449528936743,
  "balanced_accuracy": 0.702445607452026,
  "tp": 391,
  "tn": 1905,
  "fp": 432,
  "fn": 272,
  "roc_auc": 0.7754259466862351,
  "pr_auc": 0.5361463288914049
}