{
  "dataset": "default_credit",
  "model": "gru",
  "condition": "baseline",
  "fold_id": 5,
  "status": "success",
  "n_train": 27000,
  "n_val": 3000,
  "n_train_after_sampling": 27000,
  "epochs_ran": 31,
  "final_train_loss": 0.4201398428634361,
  "final_train_accuracy": 0.8265925925925925,
  "best_val_accuracy": 0.8153333333333334,
  "final_val_accuracy": 0.8116666666666666,
  "val_loss": 0.4416408874988556,
  "history_path": "/kaggle/working/assignment3_outputs/histories/default_credit_gru_baseline_fold05_history.csv",
  "checkpoint_path": null,
  "feature_count_after_preprocessing": 29,
  "feature_names_path": "/kaggle/working/assignment3_outputs/models/default_credit_gru_baseline_fold05_features.json",
  "runtime_seconds": 126.23398184776306,
  "accuracy": 0.8116666666666666,
  "sensitivity": 0.32831325301204817,
  "specificity": 0.9490582191780822,
  "precision": 0.6468842729970327,
  "f1": 0.4355644355644356,
  "balanced_accuracy": 0.6386857360950652,
  "tp": 218,
  "tn": 2217,
  "fp": 119,
  "fn": 446,
  "roc_auc": 0.7600860419417396,
  "pr_auc": 0.5343607542537859
}