{
  "dataset": "default_credit",
  "model": "gru",
  "condition": "smoteenn",
  "fold_id": 3,
  "status": "success",
  "n_train": 27000,
  "n_val": 3000,
  "n_train_after_sampling": 26982,
  "val_loss": 0.6644761956532796,
  "history_path": "/kaggle/working/assignment3_outputs/histories/default_credit_gru_smoteenn_fold03_history.csv",
  "checkpoint_path": null,
  "feature_count_after_preprocessing": 29,
  "feature_names_path": "/kaggle/working/assignment3_outputs/models/default_credit_gru_smoteenn_fold03_features.json",
  "runtime_seconds": 67.28240585327148,
  "accuracy": 0.7353333333333333,
  "sensitivity": 0.6265060240963856,
  "specificity": 0.7662671232876712,
  "precision": 0.43243243243243246,
  "f1": 0.5116851168511685,
  "balanced_accuracy": 0.6963865736920284,
  "tp": 416,
  "tn": 1790,
  "fp": 546,
  "fn": 248,
  "roc_auc": 0.7360557383644165,
  "pr_auc": 0.47741022307873165
}