{
  "dataset": "default_credit",
  "model": "gru",
  "condition": "baseline",
  "fold_id": 4,
  "status": "success",
  "n_train": 27000,
  "n_val": 3000,
  "n_train_after_sampling": 27000,
  "epochs_ran": 23,
  "final_train_loss": 0.4281886888609992,
  "final_train_accuracy": 0.8224444444444444,
  "best_val_accuracy": 0.8253333333333334,
  "final_val_accuracy": 0.8243333333333334,
  "val_loss": 0.4261894583702087,
  "history_path": "/kaggle/working/assignment3_outputs/histories/default_credit_gru_baseline_fold04_history.csv",
  "checkpoint_path": null,
  "feature_count_after_preprocessing": 29,
  "feature_names_path": "/kaggle/working/assignment3_outputs/models/default_credit_gru_baseline_fold04_features.json",
  "runtime_seconds": 94.59097409248352,
  "accuracy": 0.8243333333333334,
  "sensitivity": 0.375,
  "specificity": 0.952054794520548,
  "precision": 0.6897506925207756,
  "f1": 0.48585365853658535,
  "balanced_accuracy": 0.663527397260274,
  "tp": 249,
  "tn": 2224,
  "fp": 112,
  "fn": 415,
  "roc_auc": 0.781110744347252,
  "pr_auc": 0.5704476042650889
}