{
  "dataset": "default_credit",
  "model": "lstm",
  "condition": "baseline",
  "fold_id": 2,
  "status": "success",
  "n_train": 27000,
  "n_val": 3000,
  "n_train_after_sampling": 27000,
  "epochs_ran": 13,
  "final_train_loss": 0.43523882504745764,
  "final_train_accuracy": 0.8207777777777778,
  "best_val_accuracy": 0.8253333333333334,
  "final_val_accuracy": 0.8253333333333334,
  "val_loss": 0.42169234848022463,
  "history_path": "/kaggle/working/assignment3_outputs/histories/default_credit_lstm_baseline_fold02_history.csv",
  "checkpoint_path": null,
  "feature_count_after_preprocessing": 29,
  "feature_names_path": "/kaggle/working/assignment3_outputs/models/default_credit_lstm_baseline_fold02_features.json",
  "runtime_seconds": 56.37190866470337,
  "accuracy": 0.8253333333333334,
  "sensitivity": 0.36596385542168675,
  "specificity": 0.9559075342465754,
  "precision": 0.7023121387283237,
  "f1": 0.48118811881188117,
  "balanced_accuracy": 0.6609356948341311,
  "tp": 243,
  "tn": 2233,
  "fp": 103,
  "fn": 421,
  "roc_auc": 0.7850714716743687,
  "pr_auc": 0.5603626532777641
}