{
  "dataset": "default_credit",
  "model": "gru",
  "condition": "focal_loss",
  "fold_id": 10,
  "status": "success",
  "n_train": 27000,
  "n_val": 3000,
  "n_train_after_sampling": 27000,
  "val_loss": 0.048955441613992054,
  "history_path": "/kaggle/working/assignment3_outputs/histories/default_credit_gru_focal_loss_fold10_history.csv",
  "checkpoint_path": null,
  "feature_count_after_preprocessing": 29,
  "feature_names_path": "/kaggle/working/assignment3_outputs/models/default_credit_gru_focal_loss_fold10_features.json",
  "runtime_seconds": 147.90435242652893,
  "accuracy": 0.7703333333333333,
  "sensitivity": 0.6018099547511312,
  "specificity": 0.8181429182712879,
  "precision": 0.4842233009708738,
  "f1": 0.5366509751176867,
  "balanced_accuracy": 0.7099764365112096,
  "tp": 399,
  "tn": 1912,
  "fp": 425,
  "fn": 264,
  "roc_auc": 0.7828912678267054,
  "pr_auc": 0.5579452073898543
}