{
  "dataset": "default_credit",
  "model": "lstm",
  "condition": "smoteenn",
  "fold_id": 5,
  "status": "success",
  "n_train": 27000,
  "n_val": 3000,
  "n_train_after_sampling": 26840,
  "epochs_ran": 10,
  "final_train_loss": 0.38604060869813855,
  "final_train_accuracy": 0.8059985096870342,
  "best_val_accuracy": 0.7626666666666667,
  "final_val_accuracy": 0.7543333333333333,
  "val_loss": 0.721757131099701,
  "history_path": "/kaggle/working/assignment3_outputs/histories/default_credit_lstm_smoteenn_fold05_history.csv",
  "checkpoint_path": null,
  "feature_count_after_preprocessing": 29,
  "feature_names_path": "/kaggle/working/assignment3_outputs/models/default_credit_lstm_smoteenn_fold05_features.json",
  "runtime_seconds": 45.6446590423584,
  "accuracy": 0.7543333333333333,
  "sensitivity": 0.5828313253012049,
  "specificity": 0.803082191780822,
  "precision": 0.45690672963400236,
  "f1": 0.5122435473196558,
  "balanced_accuracy": 0.6929567585410135,
  "tp": 387,
  "tn": 1876,
  "fp": 460,
  "fn": 277,
  "roc_auc": 0.7450954288042582,
  "pr_auc": 0.49375512287468526
}