{
  "dataset": "default_credit",
  "model": "lstm",
  "condition": "baseline",
  "fold_id": 4,
  "status": "success",
  "n_train": 27000,
  "n_val": 3000,
  "n_train_after_sampling": 27000,
  "epochs_ran": 13,
  "final_train_loss": 0.4364365974179021,
  "final_train_accuracy": 0.8202962962962963,
  "best_val_accuracy": 0.822,
  "final_val_accuracy": 0.822,
  "val_loss": 0.4297072992324829,
  "history_path": "/kaggle/working/assignment3_outputs/histories/default_credit_lstm_baseline_fold04_history.csv",
  "checkpoint_path": null,
  "feature_count_after_preprocessing": 29,
  "feature_names_path": "/kaggle/working/assignment3_outputs/models/default_credit_lstm_baseline_fold04_features.json",
  "runtime_seconds": 55.89017653465271,
  "accuracy": 0.822,
  "sensitivity": 0.38403614457831325,
  "specificity": 0.9464897260273972,
  "precision": 0.6710526315789473,
  "f1": 0.4885057471264368,
  "balanced_accuracy": 0.6652629353028552,
  "tp": 255,
  "tn": 2211,
  "fp": 125,
  "fn": 409,
  "roc_auc": 0.7780042472974088,
  "pr_auc": 0.5473706203956167
}