{
  "dataset": "default_credit",
  "model": "gru",
  "condition": "focal_loss",
  "fold_id": 9,
  "status": "success",
  "n_train": 27000,
  "n_val": 3000,
  "n_train_after_sampling": 27000,
  "val_loss": 0.04939492266376813,
  "history_path": "/kaggle/working/assignment3_outputs/histories/default_credit_gru_focal_loss_fold09_history.csv",
  "checkpoint_path": null,
  "feature_count_after_preprocessing": 29,
  "feature_names_path": "/kaggle/working/assignment3_outputs/models/default_credit_gru_focal_loss_fold09_features.json",
  "runtime_seconds": 83.8234634399414,
  "accuracy": 0.7413333333333333,
  "sensitivity": 0.6515837104072398,
  "specificity": 0.7667950363714163,
  "precision": 0.4421699078812692,
  "f1": 0.526829268292683,
  "balanced_accuracy": 0.7091893733893281,
  "tp": 432,
  "tn": 1792,
  "fp": 545,
  "fn": 231,
  "roc_auc": 0.7726233049422659,
  "pr_auc": 0.5579673475919891
}