{
  "dataset": "default_credit",
  "model": "mlp",
  "condition": "weighted_bce",
  "fold_id": 8,
  "status": "success",
  "n_train": 27000,
  "n_val": 3000,
  "n_train_after_sampling": 27000,
  "epochs_ran": 18,
  "final_train_loss": 0.8555276036968937,
  "final_train_accuracy": 0.7538518518518519,
  "best_val_accuracy": 0.7823333333333333,
  "final_val_accuracy": 0.7676666666666667,
  "val_loss": 0.8721067523956298,
  "history_path": "/kaggle/working/assignment3_outputs/histories/default_credit_mlp_weighted_bce_fold08_history.csv",
  "checkpoint_path": "/kaggle/working/assignment3_outputs/models/default_credit_mlp_weighted_bce_fold08.pt",
  "feature_count_after_preprocessing": 29,
  "feature_names_path": "/kaggle/working/assignment3_outputs/models/default_credit_mlp_weighted_bce_fold08_features.json",
  "runtime_seconds": 121.25758194923401,
  "accuracy": 0.7676666666666667,
  "sensitivity": 0.6289592760180995,
  "specificity": 0.8070175438596491,
  "precision": 0.4804147465437788,
  "f1": 0.5447419986936642,
  "balanced_accuracy": 0.7179884099388743,
  "tp": 417,
  "tn": 1886,
  "fp": 451,
  "fn": 246,
  "roc_auc": 0.7790624429225955,
  "pr_auc": 0.5634956571501301
}