{
  "dataset": "default_credit",
  "model": "mlp",
  "condition": "focal_loss",
  "fold_id": 8,
  "status": "success",
  "n_train": 27000,
  "n_val": 3000,
  "n_train_after_sampling": 27000,
  "epochs_ran": 15,
  "final_train_loss": 0.048721251785755156,
  "final_train_accuracy": 0.7534814814814815,
  "best_val_accuracy": 0.786,
  "final_val_accuracy": 0.7693333333333333,
  "val_loss": 0.04908402671416601,
  "history_path": "/kaggle/working/assignment3_outputs/histories/default_credit_mlp_focal_loss_fold08_history.csv",
  "checkpoint_path": "/kaggle/working/assignment3_outputs/models/default_credit_mlp_focal_loss_fold08.pt",
  "feature_count_after_preprocessing": 29,
  "feature_names_path": "/kaggle/working/assignment3_outputs/models/default_credit_mlp_focal_loss_fold08_features.json",
  "runtime_seconds": 108.31721830368042,
  "accuracy": 0.7693333333333333,
  "sensitivity": 0.6289592760180995,
  "specificity": 0.8091570389388104,
  "precision": 0.4831981460023175,
  "f1": 0.546526867627785,
  "balanced_accuracy": 0.7190581574784549,
  "tp": 417,
  "tn": 1891,
  "fp": 446,
  "fn": 246,
  "roc_auc": 0.7801989891773173,
  "pr_auc": 0.5631147779617119
}