{
  "dataset": "german",
  "model": "gru",
  "condition": "focal_loss",
  "fold_id": 3,
  "status": "success",
  "n_train": 900,
  "n_val": 100,
  "n_train_after_sampling": 900,
  "epochs_ran": 7,
  "final_train_loss": 0.07246595839659373,
  "final_train_accuracy": 0.5188888888888888,
  "best_val_accuracy": 0.58,
  "final_val_accuracy": 0.31,
  "val_loss": 0.07291866093873978,
  "history_path": "/kaggle/working/assignment3_outputs/histories/german_gru_focal_loss_fold03_history.csv",
  "checkpoint_path": null,
  "feature_count_after_preprocessing": 24,
  "feature_names_path": "/kaggle/working/assignment3_outputs/models/german_gru_focal_loss_fold03_features.json",
  "runtime_seconds": 1.363140344619751,
  "accuracy": 0.31,
  "sensitivity": 0.9666666666666667,
  "specificity": 0.02857142857142857,
  "precision": 0.29896907216494845,
  "f1": 0.4566929133858268,
  "balanced_accuracy": 0.4976190476190476,
  "tp": 29,
  "tn": 2,
  "fp": 68,
  "fn": 1,
  "roc_auc": 0.5283333333333333,
  "pr_auc": 0.3283661873599163
}