{
  "dataset": "german",
  "model": "gru",
  "condition": "baseline",
  "fold_id": 8,
  "status": "success",
  "n_train": 900,
  "n_val": 100,
  "n_train_after_sampling": 900,
  "epochs_ran": 35,
  "final_train_loss": 0.5267920573552449,
  "final_train_accuracy": 0.7388888888888889,
  "best_val_accuracy": 0.73,
  "final_val_accuracy": 0.72,
  "val_loss": 0.5300173759460449,
  "history_path": "/kaggle/working/assignment3_outputs/histories/german_gru_baseline_fold08_history.csv",
  "checkpoint_path": null,
  "feature_count_after_preprocessing": 24,
  "feature_names_path": "/kaggle/working/assignment3_outputs/models/german_gru_baseline_fold08_features.json",
  "runtime_seconds": 5.420073986053467,
  "accuracy": 0.72,
  "sensitivity": 0.43333333333333335,
  "specificity": 0.8428571428571429,
  "precision": 0.5416666666666666,
  "f1": 0.48148148148148145,
  "balanced_accuracy": 0.638095238095238,
  "tp": 13,
  "tn": 59,
  "fp": 11,
  "fn": 17,
  "roc_auc": 0.7478571428571429,
  "pr_auc": 0.5737098148774378
}