{
  "dataset": "german",
  "model": "gru",
  "condition": "weighted_bce",
  "fold_id": 7,
  "status": "success",
  "n_train": 900,
  "n_val": 100,
  "n_train_after_sampling": 900,
  "epochs_ran": 11,
  "final_train_loss": 0.9721462228563097,
  "final_train_accuracy": 0.31444444444444447,
  "best_val_accuracy": 0.69,
  "final_val_accuracy": 0.64,
  "val_loss": 0.9612548351287842,
  "history_path": "/kaggle/working/assignment3_outputs/histories/german_gru_weighted_bce_fold07_history.csv",
  "checkpoint_path": null,
  "feature_count_after_preprocessing": 24,
  "feature_names_path": "/kaggle/working/assignment3_outputs/models/german_gru_weighted_bce_fold07_features.json",
  "runtime_seconds": 1.912203311920166,
  "accuracy": 0.64,
  "sensitivity": 0.5333333333333333,
  "specificity": 0.6857142857142857,
  "precision": 0.42105263157894735,
  "f1": 0.47058823529411764,
  "balanced_accuracy": 0.6095238095238096,
  "tp": 16,
  "tn": 48,
  "fp": 22,
  "fn": 14,
  "roc_auc": 0.6180952380952381,
  "pr_auc": 0.38908826568541294
}