{
  "dataset": "german",
  "model": "lstm",
  "condition": "focal_loss",
  "fold_id": 7,
  "status": "success",
  "n_train": 900,
  "n_val": 100,
  "n_train_after_sampling": 900,
  "epochs_ran": 10,
  "final_train_loss": 0.07271144638458887,
  "final_train_accuracy": 0.4111111111111111,
  "best_val_accuracy": 0.7,
  "final_val_accuracy": 0.6,
  "val_loss": 0.07068080455064774,
  "history_path": "/kaggle/working/assignment3_outputs/histories/german_lstm_focal_loss_fold07_history.csv",
  "checkpoint_path": null,
  "feature_count_after_preprocessing": 24,
  "feature_names_path": "/kaggle/working/assignment3_outputs/models/german_lstm_focal_loss_fold07_features.json",
  "runtime_seconds": 1.8715949058532715,
  "accuracy": 0.6,
  "sensitivity": 0.6333333333333333,
  "specificity": 0.5857142857142857,
  "precision": 0.3958333333333333,
  "f1": 0.48717948717948717,
  "balanced_accuracy": 0.6095238095238096,
  "tp": 19,
  "tn": 41,
  "fp": 29,
  "fn": 11,
  "roc_auc": 0.6664285714285714,
  "pr_auc": 0.42203230898968974
}