{
  "dataset": "german",
  "model": "gru",
  "condition": "smoteenn",
  "fold_id": 5,
  "status": "success",
  "n_train": 900,
  "n_val": 100,
  "n_train_after_sampling": 713,
  "epochs_ran": 9,
  "final_train_loss": 0.5479336588697046,
  "final_train_accuracy": 0.7503506311360448,
  "best_val_accuracy": 0.5,
  "final_val_accuracy": 0.47,
  "val_loss": 0.7052503824234009,
  "history_path": "/kaggle/working/assignment3_outputs/histories/german_gru_smoteenn_fold05_history.csv",
  "checkpoint_path": null,
  "feature_count_after_preprocessing": 24,
  "feature_names_path": "/kaggle/working/assignment3_outputs/models/german_gru_smoteenn_fold05_features.json",
  "runtime_seconds": 1.473944902420044,
  "accuracy": 0.47,
  "sensitivity": 0.5666666666666667,
  "specificity": 0.42857142857142855,
  "precision": 0.2982456140350877,
  "f1": 0.39080459770114945,
  "balanced_accuracy": 0.4976190476190476,
  "tp": 17,
  "tn": 30,
  "fp": 40,
  "fn": 13,
  "roc_auc": 0.5616666666666666,
  "pr_auc": 0.37578567089300247
}