{
  "dataset": "german",
  "model": "lstm",
  "condition": "smoteenn",
  "fold_id": 2,
  "status": "success",
  "n_train": 900,
  "n_val": 100,
  "n_train_after_sampling": 735,
  "epochs_ran": 11,
  "final_train_loss": 0.6127191710634297,
  "final_train_accuracy": 0.6802721088435374,
  "best_val_accuracy": 0.52,
  "final_val_accuracy": 0.48,
  "val_loss": 0.7319355607032776,
  "history_path": "/kaggle/working/assignment3_outputs/histories/german_lstm_smoteenn_fold02_history.csv",
  "checkpoint_path": null,
  "feature_count_after_preprocessing": 24,
  "feature_names_path": "/kaggle/working/assignment3_outputs/models/german_lstm_smoteenn_fold02_features.json",
  "runtime_seconds": 1.7574751377105713,
  "accuracy": 0.48,
  "sensitivity": 0.7666666666666667,
  "specificity": 0.35714285714285715,
  "precision": 0.3382352941176471,
  "f1": 0.46938775510204084,
  "balanced_accuracy": 0.5619047619047619,
  "tp": 23,
  "tn": 25,
  "fp": 45,
  "fn": 7,
  "roc_auc": 0.5354761904761904,
  "pr_auc": 0.33018633691093435
}